-- MySQL dump 10.13  Distrib 8.0.31, for Win64 (x86_64)
--
-- Host: 67.207.89.59    Database: PRO2111
-- ------------------------------------------------------
-- Server version	8.0.31-0ubuntu0.22.04.1

/*!40101 SET @OLD_CHARACTER_SET_CLIENT=@@CHARACTER_SET_CLIENT */;
/*!40101 SET @OLD_CHARACTER_SET_RESULTS=@@CHARACTER_SET_RESULTS */;
/*!40101 SET @OLD_COLLATION_CONNECTION=@@COLLATION_CONNECTION */;
/*!50503 SET NAMES utf8 */;
/*!40103 SET @OLD_TIME_ZONE=@@TIME_ZONE */;
/*!40103 SET TIME_ZONE='+00:00' */;
/*!40014 SET @OLD_UNIQUE_CHECKS=@@UNIQUE_CHECKS, UNIQUE_CHECKS=0 */;
/*!40014 SET @OLD_FOREIGN_KEY_CHECKS=@@FOREIGN_KEY_CHECKS, FOREIGN_KEY_CHECKS=0 */;
/*!40101 SET @OLD_SQL_MODE=@@SQL_MODE, SQL_MODE='NO_AUTO_VALUE_ON_ZERO' */;
/*!40111 SET @OLD_SQL_NOTES=@@SQL_NOTES, SQL_NOTES=0 */;

--
-- Table structure for table `bill_details`
--

DROP TABLE IF EXISTS `bill_details`;
/*!40101 SET @saved_cs_client     = @@character_set_client */;
/*!50503 SET character_set_client = utf8mb4 */;
CREATE TABLE `bill_details` (
  `detail_bill_id` varchar(255) CHARACTER SET utf8mb3 COLLATE utf8mb3_unicode_ci NOT NULL,
  `bill_id` varchar(50) CHARACTER SET utf8mb3 COLLATE utf8mb3_general_ci NOT NULL,
  `variant_id` bigint DEFAULT NULL,
  `quantity` int DEFAULT '0',
  `price` decimal(10,0) DEFAULT '0',
  `tax` decimal(10,0) DEFAULT NULL,
  `total_money` decimal(10,0) DEFAULT '0',
  `note` varchar(255) CHARACTER SET utf8mb3 COLLATE utf8mb3_unicode_ci DEFAULT NULL,
  `status` int DEFAULT '0',
  `bill_detail_id_parent` varchar(255) COLLATE utf8mb3_unicode_ci DEFAULT NULL,
  `user_confirm` int DEFAULT NULL,
  PRIMARY KEY (`detail_bill_id`),
  KEY `fk_bill_details_bills1` (`bill_id`),
  KEY `product_variant_idx_idx` (`variant_id`),
  CONSTRAINT `fk_bill_details_bills1` FOREIGN KEY (`bill_id`) REFERENCES `bills` (`bill_id`),
  CONSTRAINT `product_variant_idx` FOREIGN KEY (`variant_id`) REFERENCES `product_variants` (`variant_id`)
) ENGINE=InnoDB DEFAULT CHARSET=utf8mb3 COLLATE=utf8mb3_unicode_ci;
/*!40101 SET character_set_client = @saved_cs_client */;

--
-- Dumping data for table `bill_details`
--

LOCK TABLES `bill_details` WRITE;
/*!40000 ALTER TABLE `bill_details` DISABLE KEYS */;
INSERT INTO `bill_details` VALUES ('1','HD2209010001',72,1,10000,0,10000,'Lỗi nặng lắm',1,NULL,NULL),('101','HD2209060018',75,1,1231230,NULL,1231230,NULL,0,NULL,NULL),('103','HD2209060019',76,1,112110,NULL,112110,NULL,0,NULL,NULL),('105','HD2209070001',75,1,1231230,NULL,1231230,NULL,0,NULL,NULL),('106','HD2209070002',75,1,1231230,NULL,1231230,NULL,0,NULL,NULL),('107','HD2209070003',76,4,112110,NULL,448440,NULL,0,NULL,NULL),('108','HD2209080001',75,2,123123,NULL,1231230,NULL,0,NULL,NULL),('109','HD2209080001',75,1,1231230,NULL,1231230,NULL,0,NULL,NULL),('110','HD2209080002',77,1,141130,NULL,141130,NULL,0,NULL,NULL),('111','HD2209110001',77,1,141130,NULL,141130,NULL,0,NULL,NULL),('112','HD2209110002',75,2,1231230,NULL,1231230,NULL,0,NULL,NULL),('113','HD2209140001',72,1,1000000,NULL,1000000,NULL,0,NULL,NULL),('114','HD2209140002',72,1,1000000,NULL,1000000,NULL,0,NULL,NULL),('115','HD2209140003',75,1,1231230,NULL,1231230,NULL,0,NULL,NULL),('116','HD2209150001',75,1,1231230,NULL,1231230,'xxx',1,NULL,NULL),('117','HD2209150002',77,1,141130,NULL,141130,NULL,0,NULL,NULL),('118','HD2209150003',75,1,1231230,NULL,1231230,NULL,0,NULL,NULL),('119','HD2209150004',72,1,1000000,NULL,1000000,NULL,0,NULL,NULL),('120','HD2209170001',75,1,1231230,NULL,1231230,NULL,0,NULL,NULL),('121','HD2209170002',78,1,423240,NULL,423240,NULL,0,NULL,NULL),('122','HD2209170002',75,1,1231230,NULL,1231230,NULL,0,NULL,NULL),('123','HD2209170003',79,1,500000,NULL,500000,NULL,0,NULL,NULL),('124','HD2209170003',72,1,1000000,NULL,1000000,NULL,0,NULL,NULL),('125','HD2209200001',77,1,141130,NULL,141130,NULL,0,NULL,NULL),('126','HD2209200002',77,1,141130,NULL,141130,NULL,0,NULL,NULL),('127','HD2209200003',78,1,423240,NULL,423240,NULL,0,NULL,NULL),('128','HD2209210001',78,1,423240,NULL,423240,NULL,0,NULL,NULL),('129','HD2209210002',78,1,423240,NULL,423240,NULL,0,NULL,NULL),('130','HD2209210003',78,1,423240,NULL,423240,NULL,0,NULL,NULL),('131','HD2209220001',78,1,423240,NULL,423240,NULL,0,NULL,NULL),('132','HD2209220002',78,1,423240,NULL,423240,NULL,0,NULL,NULL),('133','HD2209220003',78,1,423240,NULL,423240,NULL,0,NULL,NULL),('134','HD2209220004',78,1,423240,NULL,423240,NULL,0,NULL,NULL),('135','HD2209220005',77,1,141130,NULL,141130,NULL,0,NULL,NULL),('136','HD2209250001',77,1,141130,NULL,141130,NULL,0,NULL,NULL),('137','HD2209250002',77,1,141130,NULL,141130,NULL,0,NULL,NULL),('138','HD2209260001',77,2,141130,NULL,141130,NULL,0,NULL,NULL),('139','HD2209260002',77,2,141130,NULL,141130,NULL,0,NULL,NULL),('140','HD2209260003',77,1,141130,NULL,141130,NULL,0,NULL,NULL),('141','HD2209260004',77,2,141130,NULL,141130,NULL,0,NULL,NULL),('142','HD2209260005',74,2,300000,NULL,300000,NULL,0,NULL,NULL),('143','HD2209260006',74,1,300000,NULL,300000,NULL,0,NULL,NULL),('144','HD2209260007',74,2,300000,NULL,300000,NULL,0,NULL,NULL),('145','HD2209260008',74,1,300000,NULL,300000,NULL,0,NULL,NULL),('146','HD2209270001',74,1,300000,NULL,300000,NULL,0,NULL,NULL),('147','HD2209270002',74,1,300000,NULL,300000,NULL,0,NULL,NULL),('148','HD2209270003',74,2,300000,NULL,600000,NULL,0,NULL,NULL),('149','HD2209270004',72,1,1000000,NULL,1000000,NULL,0,NULL,NULL),('150','HD2209270005',74,2,300000,NULL,600000,NULL,0,NULL,NULL),('151','HD2209270006',74,2,300000,NULL,600000,NULL,0,NULL,NULL),('152','HD2209270007',74,2,300000,NULL,600000,NULL,0,NULL,NULL),('153','HD2209270008',74,4,300000,NULL,300000,NULL,0,NULL,NULL),('154','HD2209270009',74,2,300000,NULL,300000,NULL,0,NULL,NULL),('155','HD2209270010',74,2,300000,NULL,300000,NULL,0,NULL,NULL),('156','HD2209270011',74,1,300000,NULL,300000,NULL,0,NULL,NULL),('157','HD2209270012',74,2,300000,NULL,300000,NULL,0,NULL,NULL),('158','HD2209270013',74,2,300000,NULL,300000,NULL,0,NULL,NULL),('159','HD2209270014',74,2,300000,NULL,600000,NULL,0,NULL,NULL),('160','HD2209270015',74,2,300000,NULL,600000,NULL,0,NULL,NULL),('161','HD2209270016',74,2,300000,NULL,600000,NULL,0,NULL,NULL),('162','HD2209270017',74,1,300000,NULL,300000,NULL,0,NULL,NULL),('163','HD2209270018',74,1,300000,NULL,300000,NULL,0,NULL,NULL),('164','HD2209270019',74,1,300000,NULL,300000,NULL,0,NULL,NULL),('165','HD2209270020',74,1,300000,NULL,300000,NULL,0,NULL,NULL),('166','HD2209270021',74,1,300000,NULL,300000,NULL,0,NULL,NULL),('167','HD2209270022',74,1,300000,NULL,300000,NULL,0,NULL,NULL),('168','HD2209270023',74,1,300000,NULL,300000,NULL,0,NULL,NULL),('169','HD2209270024',74,1,300000,NULL,300000,NULL,0,NULL,NULL),('170','HD2209270025',74,1,300000,NULL,300000,NULL,0,NULL,NULL),('171','HD2209270026',74,1,300000,NULL,300000,NULL,0,NULL,NULL),('172','HD2209270027',74,1,300000,NULL,300000,NULL,0,NULL,NULL),('173','HD2209270028',74,1,300000,NULL,300000,NULL,0,NULL,NULL),('174','HD2209270029',74,1,300000,NULL,300000,NULL,0,NULL,NULL),('175','HD2209270030',74,1,300000,NULL,300000,NULL,0,NULL,NULL),('176','HD2209270031',74,1,300000,NULL,300000,NULL,0,NULL,NULL),('177','HD2209270032',74,1,300000,NULL,300000,NULL,0,NULL,NULL),('178','HD2209270033',74,1,300000,NULL,300000,NULL,0,NULL,NULL),('179','HD2209270034',74,1,300000,NULL,300000,NULL,0,NULL,NULL),('180','HD2209270035',74,1,300000,NULL,300000,NULL,0,NULL,NULL),('181','HD2209270036',74,1,300000,NULL,300000,NULL,0,NULL,NULL),('182','HD2209270037',74,1,300000,NULL,300000,NULL,0,NULL,NULL),('183','HD2209270038',74,1,300000,NULL,300000,NULL,0,NULL,NULL),('184','HD2209270039',74,1,300000,NULL,300000,NULL,0,NULL,NULL),('185','HD2209270040',74,1,300000,NULL,300000,NULL,0,NULL,NULL),('186','HD2209270041',74,1,300000,NULL,300000,NULL,0,NULL,NULL),('187','HD2209270042',74,1,300000,NULL,300000,NULL,0,NULL,NULL),('188','HD2209270043',74,1,300000,NULL,300000,NULL,0,NULL,NULL),('189','HD2209280001',74,1,300000,NULL,300000,NULL,0,NULL,NULL),('190','HD2209280002',74,1,300000,NULL,300000,NULL,0,NULL,NULL),('191','HD2209280003',74,1,300000,NULL,300000,NULL,0,NULL,NULL),('192','HD2209280004',74,1,300000,NULL,300000,NULL,0,NULL,NULL),('193','HD2209280005',74,1,300000,NULL,300000,NULL,0,NULL,NULL),('194','HD2209280006',74,1,300000,NULL,300000,NULL,0,NULL,NULL),('195','HD2209280007',74,1,300000,NULL,300000,NULL,0,NULL,NULL),('196','HD2209280008',74,1,300000,NULL,300000,NULL,0,NULL,NULL),('197','HD2209280009',74,1,300000,NULL,300000,NULL,0,NULL,NULL),('198','HD2209280010',74,1,300000,NULL,300000,NULL,0,NULL,NULL),('199','HD2209280011',74,1,300000,NULL,300000,NULL,0,NULL,NULL),('200','HD2209280012',74,1,300000,NULL,300000,NULL,0,NULL,NULL),('201','HD2209280013',74,1,300000,NULL,300000,NULL,0,NULL,NULL),('202','HD2209280014',74,1,300000,NULL,300000,NULL,0,NULL,NULL),('203','HD2209280015',74,1,300000,NULL,300000,NULL,0,NULL,NULL),('204','HD2209280016',74,1,300000,NULL,300000,NULL,0,NULL,NULL),('205','HD2209280017',74,1,300000,NULL,300000,NULL,0,NULL,NULL),('206','HD2209280018',74,1,300000,NULL,300000,NULL,0,NULL,NULL),('207','HD2209280019',74,1,300000,NULL,300000,NULL,0,NULL,NULL),('208','HD2209280020',74,1,300000,NULL,300000,NULL,0,NULL,NULL),('209','HD2209280021',74,1,300000,NULL,300000,NULL,0,NULL,NULL),('210','HD2209280022',74,1,300000,NULL,300000,NULL,0,NULL,NULL),('211','HD2209280023',74,1,300000,NULL,300000,NULL,0,NULL,NULL),('212','HD2209280024',74,1,300000,NULL,300000,NULL,0,NULL,NULL),('213','HD2209280025',74,1,300000,NULL,300000,NULL,0,NULL,NULL),('214','HD2209290001',74,1,300000,NULL,300000,NULL,0,NULL,NULL),('215','HD2209290002',74,1,300000,NULL,300000,NULL,0,NULL,NULL),('216','HD2209290003',74,1,300000,NULL,300000,NULL,0,NULL,NULL),('217','HD2209290004',74,1,300000,NULL,300000,NULL,0,NULL,NULL),('218','HD2209290005',74,1,300000,NULL,300000,NULL,0,NULL,NULL),('219','HD2209290006',74,2,300000,NULL,600000,NULL,0,NULL,NULL),('220','HD2209290007',74,1,300000,NULL,300000,NULL,0,NULL,NULL),('221','HD2209290008',74,1,300000,NULL,300000,NULL,0,NULL,NULL),('222','HD2209290009',74,1,300000,NULL,300000,NULL,0,NULL,NULL),('223','HD2209290010',74,1,300000,NULL,300000,NULL,0,NULL,NULL),('224','HD2209290011',74,1,300000,NULL,300000,NULL,0,NULL,NULL),('225','HD2209290012',74,1,300000,NULL,300000,NULL,0,NULL,NULL),('226','HD2209290013',74,1,300000,NULL,300000,NULL,0,NULL,NULL),('227','HD2209290014',74,1,300000,NULL,300000,NULL,0,NULL,NULL),('228','HD2209300001',74,1,300000,NULL,300000,NULL,0,NULL,NULL),('229','HD2209300002',74,1,300000,NULL,300000,NULL,0,NULL,NULL),('230','HD2210010001',74,1,300000,NULL,300000,NULL,0,NULL,NULL),('231','HD2210010001',75,1,1231230,NULL,1231230,NULL,0,NULL,NULL),('233','HD2210020001',75,1,1231230,NULL,1231230,NULL,0,NULL,NULL),('234','HD2210020001',74,1,300000,NULL,300000,NULL,0,NULL,NULL),('235','HD2210030001',74,1,300000,NULL,300000,NULL,0,NULL,NULL),('236','HD2210040001',74,1,300000,NULL,300000,NULL,0,NULL,NULL),('237','HD2210040002',75,1,1231230,NULL,1231230,NULL,0,NULL,NULL),('238','HD2210040002',74,1,300000,NULL,300000,NULL,0,NULL,NULL),('239','HD2210040002',76,1,112110,NULL,112110,NULL,0,NULL,NULL),('240','HD2210050001',74,1,300000,NULL,300000,NULL,0,NULL,NULL),('241','HD2210050002',74,3,300000,NULL,900000,NULL,0,NULL,NULL),('242','HD2210050003',74,1,300000,NULL,300000,NULL,0,NULL,NULL),('243','HD2210050004',74,1,300000,NULL,300000,NULL,0,NULL,NULL),('244','HD2210050005',74,1,300000,NULL,300000,NULL,0,NULL,NULL),('245','HD2210050006',74,1,300000,NULL,300000,NULL,0,NULL,NULL),('246','HD2210060001',74,1,300000,NULL,300000,NULL,0,NULL,NULL),('247','HD2210060002',74,2,300000,NULL,300000,NULL,0,NULL,NULL),('248','HD2210060003',74,2,300000,NULL,300000,NULL,0,NULL,NULL),('249','HD2210060004',74,3,300000,NULL,900000,NULL,0,NULL,NULL),('250','HD2210060005',74,1,300000,NULL,300000,NULL,0,NULL,NULL),('251','HD2210060006',74,1,300000,NULL,300000,NULL,0,NULL,NULL),('252','HD2210060007',74,1,300000,NULL,300000,NULL,0,NULL,NULL),('253','HD2210060008',74,1,300000,NULL,300000,NULL,0,NULL,NULL),('254','HD2210060009',74,1,300000,NULL,300000,NULL,0,NULL,NULL),('255','HD2210060010',74,1,300000,NULL,300000,NULL,0,NULL,NULL),('256','HD2210060011',74,1,300000,NULL,300000,NULL,0,NULL,NULL),('258','HD2210070002',74,1,300000,NULL,300000,NULL,0,NULL,NULL),('259','HD2210080001',72,1,1000000,NULL,1000000,NULL,0,NULL,NULL),('261','HD2210080003',74,1,300000,NULL,300000,NULL,0,NULL,NULL),('272','HD2210090001',74,1,300000,NULL,300000,NULL,0,NULL,NULL),('273','HD2210090002',74,1,300000,NULL,300000,NULL,0,NULL,NULL),('274','HD2210090003',74,1,300000,NULL,300000,NULL,0,NULL,NULL),('275','HD2209010001',74,2,300000,0,600000,'<script>alert(\'Sản phẩm lỗi =((\')</script>',1,NULL,NULL),('283','HD2209010001',74,1,300000,0,300000,NULL,0,NULL,NULL),('289','HD2210080002',75,1,1231230,NULL,1231230,NULL,NULL,NULL,NULL),('299','HD2210100001',72,1,900000,NULL,900000,NULL,NULL,NULL,NULL),('302','HD2210100002',72,1,900000,NULL,900000,NULL,NULL,NULL,NULL),('303','HD2210100003',72,1,900000,NULL,900000,NULL,NULL,NULL,NULL),('304','HD2210100004',72,1,900000,NULL,900000,NULL,NULL,NULL,NULL),('305','HD2210100005',72,1,900000,NULL,900000,NULL,NULL,NULL,NULL),('307','HD2210100006',72,1,900000,NULL,900000,NULL,NULL,NULL,NULL),('309','HD2210100007',72,1,900000,NULL,900000,NULL,NULL,NULL,NULL),('310','HD2210100008',72,1,900000,NULL,900000,NULL,NULL,NULL,NULL),('311','HD2210100009',73,1,180000,NULL,180000,NULL,NULL,NULL,NULL),('312','HD2210100009',72,2,900000,NULL,1800000,NULL,NULL,NULL,NULL),('313','HD2210100010',73,1,180000,NULL,180000,NULL,NULL,NULL,NULL),('314','HD2210100010',74,3,300000,NULL,900000,NULL,NULL,NULL,NULL),('316','HD2210100011',74,2,300000,NULL,600000,NULL,NULL,NULL,NULL),('317','HD2210100011',76,3,112110,NULL,336330,NULL,NULL,NULL,NULL),('318','HD2210100011',74,2,300000,NULL,600000,NULL,NULL,NULL,NULL),('319','HD2210100011',76,3,112110,NULL,336330,NULL,NULL,NULL,NULL),('320','HD2210100012',75,2,1231230,NULL,2462460,NULL,NULL,NULL,NULL),('321','HD2210100012',76,3,112110,NULL,336330,NULL,NULL,NULL,NULL),('322','HD2210100013',75,3,1231230,NULL,3693690,NULL,NULL,NULL,NULL),('323','HD2210100013',78,1,423240,NULL,423240,NULL,NULL,NULL,NULL),('324','HD2210100013',74,1,300000,NULL,300000,NULL,NULL,NULL,NULL),('325','HD2210100014',74,2,300000,NULL,600000,NULL,NULL,NULL,NULL),('326','HD2210100014',76,1,112110,NULL,112110,NULL,NULL,NULL,NULL),('327','HD2210100015',75,1,1231230,NULL,1231230,NULL,NULL,NULL,NULL),('328','HD2210100015',74,3,300000,NULL,900000,NULL,NULL,NULL,NULL),('329','HD2210100016',74,2,300000,NULL,600000,NULL,NULL,NULL,NULL),('330','HD2210100016',75,3,1231230,NULL,3693690,NULL,NULL,NULL,NULL),('331','HD2210100017',74,1,300000,NULL,300000,NULL,NULL,NULL,NULL),('332','HD2210100018',72,1,900000,NULL,900000,NULL,NULL,NULL,NULL),('333','HD2210100019',74,10,300000,NULL,3000000,NULL,NULL,NULL,NULL),('334','HD2210100020',74,20,300000,NULL,6000000,NULL,NULL,NULL,NULL),('335','HD2210100021',74,1,300000,NULL,300000,NULL,NULL,NULL,NULL),('336','HD2210100022',74,1,300000,NULL,300000,NULL,NULL,NULL,NULL),('39','HD2209020001',72,2,10,NULL,20,NULL,0,NULL,NULL),('40','HD2209020002',72,1,10,NULL,10,NULL,0,NULL,NULL),('402880eb848b460d01848b4662b90000','HD2211180001',72,1,20000,10,22000,NULL,0,NULL,NULL),('402880eb848c1aa201848c1b7eec0000','HD2211120002',72,1,400000,10,40000,'Hàng đổi trả',4,'8a8a8085846a468d01846bf13e420000',2),('402880eb848c315a01848c31f4750000','HD2211030001',73,1,0,0,0,'Hoàn tiền',4,'8a8a80858486f693018487cc81f20001',2),('402880eb848c315a01848c31f5aa0001','HD2211030001',73,1,1210000,8,96800,'Hàng đổi trả',4,'8a8a80858486f693018487cc81f20001',2),('402880eb848f837701848f83cc690000','HD2211190003',86,1,250000,10,275000,'hỏng',1,NULL,11),('402880eb848fcdf701848fced5c30000','HD2211190003',86,1,0,0,0,'Hoàn tiền',4,'8a8a8085848c4dd201848f764e500001',2),('402880eb848fcdf701848fced6e80001','HD2211190003',73,1,1210000,8,1306800,'Hàng đổi trả',4,'8a8a8085848c4dd201848f764e500001',2),('402880eb848fcdf701848fced6e90002','HD2211190003',73,1,1210000,8,1306800,'Hàng đổi trả',4,'8a8a8085848c4dd201848f764e500001',2),('402880eb8491f1c9018491f489ac0000','HD2211190004',NULL,0,0,0,0,'Hoàn tiền',4,'8a8a8085848ff4bd01849053e9420000',2),('402880eb8491f1c9018491f4923a0001','HD2211190004',74,1,310000,10,341000,'Hàng đổi trả',4,'8a8a8085848ff4bd01849053e9590002',2),('402880eb849216c80184921783f40000','HD2211200001',NULL,0,0,0,0,'Hoàn tiền',4,'8a8a80858490eb54018490ee1f160000',2),('402880eb84a095330184a097799a0001','HD2211230001',74,1,310000,10,341000,NULL,0,NULL,NULL),('402880eb84a095330184a097799c0002','HD2211230001',75,1,1231230,10,1354353,'Hàng đổi trả',4,'8a8a808584a019030184a05ce8b90000',2),('402880eb84a095330184a0977aa00003','HD2211230001',75,1,1231230,10,1354353,NULL,0,NULL,NULL),('402880eb84a095330184a0977aa30004','HD2211230001',NULL,0,0,0,0,'Hoàn tiền',4,'8a8a808584a019030184a05ce8bf0001',2),('402880eb84a095330184a0977aa30005','HD2211230001',74,1,310000,10,341000,'Hàng đổi trả',4,'8a8a808584a019030184a05ce8bf0001',2),('402880eb84a095330184a09ab7340006','HD2211230002',74,1,310000,10,341000,NULL,0,NULL,NULL),('402880eb84a095330184a09ab7380007','HD2211230002',NULL,0,0,0,0,'Hoàn tiền',4,'8a8a808584a019030184a09a31b00003',2),('402880eb84a095330184a09ab84b0008','HD2211230002',77,1,10,10,11,'Hàng đổi trả',4,'8a8a808584a019030184a09a31b00003',2),('402880eb84a095330184a09c52f30009','HD2211230003',75,1,1231230,10,1354353,NULL,0,NULL,NULL),('402880eb84a095330184a09c52fa000a','HD2211230003',NULL,0,0,0,0,'Hoàn tiền',4,'8a8a808584a019030184a09bc07e0005',2),('402880eb84a095330184a09c53fe000b','HD2211230003',77,1,10,10,11,'Hàng đổi trả',4,'8a8a808584a019030184a09bc07e0005',2),('402880eb84ab119b0184ab1214c70000','HD2211220003',79,6,500000,8,3240000,NULL,0,NULL,NULL),('402880eb84ab119b0184ab1214de0001','HD2211220003',74,2,310000,10,682000,NULL,0,NULL,NULL),('4028b88183c6d0840183c6d0d1210000','HD2210110005',74,1,300000,NULL,300000,NULL,NULL,NULL,NULL),('4028b88183c6d2a40183c6d325ff0000','HD2210110006',74,3,300000,NULL,900000,NULL,NULL,NULL,NULL),('4028b88183c6d4b30183c6d547140000','HD2210110007',74,1,300000,NULL,300000,NULL,NULL,NULL,NULL),('4028b88183c6e9230183c6ea90720000','HD2210110009',74,1,300000,NULL,300000,'lỗi',1,NULL,NULL),('4028b88183c711630183c7121d8e0000','HD2210110009',74,1,300000,NULL,300000,NULL,0,NULL,NULL),('4028b88183c728cb0183c7298bd90000','HD2210110010',74,4,300000,NULL,1200000,NULL,0,NULL,NULL),('4028b88183d313730183d3273d5b0000','HD2210140001',72,1,900000,10,990000,NULL,0,NULL,NULL),('4028b881840b234f01840b2377530000','HD2210250001',72,2,1200000,10,2640000,NULL,0,NULL,NULL),('4028b88184342cb50184342d3cf20000','HD2210290005',79,4,500000,8,2000000,NULL,0,NULL,NULL),('4028b88184342cb50184342d3d110001','HD2210290005',73,1,200000,10,200000,NULL,0,NULL,NULL),('4028b88184342cb50184342d3e2b0002','HD2210290005',75,1,1231230,10,1231230,NULL,0,NULL,NULL),('42','HD2209020003',75,1,1231230,NULL,1231230,NULL,0,NULL,NULL),('43','HD2209020004',79,1,500000,NULL,500000,NULL,0,NULL,NULL),('44','HD2209020004',75,1,1231230,NULL,1231230,NULL,0,NULL,NULL),('45','HD2209030001',79,2,499999,NULL,999998,NULL,0,NULL,NULL),('46','HD2209030002',78,1,423240,NULL,423240,NULL,0,NULL,NULL),('47','HD2209030003',79,2,500000,NULL,1000000,NULL,0,NULL,NULL),('48','HD2209030004',77,1,141130,NULL,141130,NULL,0,NULL,NULL),('49','HD2209030004',76,1,112110,NULL,112110,NULL,0,NULL,NULL),('55','HD2209030005',75,1,1231230,NULL,1231230,NULL,0,NULL,NULL),('56','HD2209030006',76,1,112110,NULL,112110,NULL,0,NULL,NULL),('57','HD2209030006',77,2,141130,NULL,282260,NULL,0,NULL,NULL),('72','HD2209050001',76,1,112110,NULL,112110,NULL,0,NULL,NULL),('73','HD2209050002',75,1,1231230,NULL,1231230,NULL,0,NULL,NULL),('74','HD2209050003',75,1,1231230,NULL,1231230,NULL,0,NULL,NULL),('75','HD2209050004',75,1,1231230,NULL,1231230,NULL,0,NULL,NULL),('76','HD2209050005',76,1,112110,NULL,112110,NULL,0,NULL,NULL),('77','HD2209050006',76,1,112110,NULL,112110,NULL,0,NULL,NULL),('78','HD2209050007',75,1,1231230,NULL,1231230,NULL,0,NULL,NULL),('79','HD2209050008',75,1,1231230,NULL,1231230,NULL,0,NULL,NULL),('82','HD2209060001',76,1,112110,NULL,112110,NULL,0,NULL,NULL),('83','HD2209060002',79,1,500000,NULL,500000,NULL,0,NULL,NULL),('84','HD2209060003',79,1,500000,NULL,500000,NULL,0,NULL,NULL),('85','HD2209060004',75,1,1231230,NULL,1231230,NULL,0,NULL,NULL),('86','HD2209060005',75,1,1231230,NULL,1231230,NULL,0,NULL,NULL),('87','HD2209060006',75,1,1231230,NULL,1231230,NULL,0,NULL,NULL),('88','HD2209060007',76,1,112110,NULL,112110,NULL,0,NULL,NULL),('89','HD2209060008',75,1,1231230,NULL,1231230,NULL,0,NULL,NULL),('8a8a808583c6c0cd0183c6c18e8e0000','HD2210110001',72,1,900000,NULL,900000,NULL,NULL,NULL,NULL),('8a8a808583c6c0cd0183c6c18e9b0001','HD2210110001',74,2,300000,NULL,600000,NULL,NULL,NULL,NULL),('8a8a808583c6c9330183c6c9ba080000','HD2210110002',72,1,900000,NULL,900000,NULL,NULL,NULL,NULL),('8a8a808583c6c9330183c6c9ba120001','HD2210110002',74,3,300000,NULL,900000,NULL,NULL,NULL,NULL),('8a8a808583c6c9330183c6cba0380002','HD2210110003',74,1,300000,NULL,300000,NULL,NULL,NULL,NULL),('8a8a808583c6c9330183c6ce55ff0003','HD2210110004',74,3,300000,NULL,900000,NULL,NULL,NULL,NULL),('8a8a808583c6c9330183c6e648c10004','HD2210110008',74,3,300000,NULL,900000,NULL,NULL,NULL,NULL),('8a8a808583c702140183c70a19ee0000','HD2210110009',74,1,300000,NULL,300000,'bỏ',1,NULL,NULL),('8a8a808583c702140183c7285bb70001','HD2210110010',74,1,300000,NULL,300000,'lỗi',1,NULL,NULL),('8a8a808583c7336c0183c734001d0000','HD2210110011',74,10,300000,NULL,3000000,NULL,0,NULL,NULL),('8a8a808583cd4a580183cd5802640000','HD2210130001',72,1,900000,NULL,900000,'rách',1,NULL,NULL),('8a8a808583cd4a580183cd5802690001','HD2210130001',74,1,300000,NULL,300000,NULL,0,NULL,NULL),('8a8a808583cd4a580183cd5896470002','HD2210130002',74,2,300000,NULL,600000,'xấu',1,NULL,NULL),('8a8a808583cd4a580183cd5896480003','HD2210130002',72,1,900000,NULL,900000,'a',1,NULL,NULL),('8a8a808583cd4a580183cd58c4a00004','HD2210130003',74,2,300000,NULL,600000,'giày Trung Quốc',1,NULL,NULL),('8a8a808583cd4a580183cd58c4a20005','HD2210130003',72,1,900000,NULL,900000,'giày Trung Quốc',1,NULL,NULL),('8a8a808583cd4a580183cd5943d50006','HD2210130001',72,1,900000,NULL,900000,NULL,0,NULL,NULL),('8a8a808583cd6e9a0183cd6fc2e30001','HD2210130004',74,1,300000,NULL,300000,NULL,0,NULL,NULL),('8a8a808583cd74420183cd74a9880000','HD2210130005',74,1,300000,NULL,330000,'bẩn',1,NULL,NULL),('8a8a808583cd74420183cd75240d0001','HD2210130005',74,1,300000,NULL,300000,'Alo',1,NULL,NULL),('8a8a808583cd8b190183cd8bc7c60000','HD2210130006',72,1,1000000,NULL,1100000,'xấu',1,NULL,NULL),('8a8a808583cd8b190183cd8bc7cc0001','HD2210130006',74,1,300000,NULL,330000,'xấu',1,NULL,NULL),('8a8a808583cd8b190183cd8c3de40002','HD2210130006',72,1,1000000,NULL,1000000,'Nhầm sản phẩm',1,NULL,NULL),('8a8a808583cd8b190183cd8c3dfb0003','HD2210130006',74,1,300000,NULL,300000,NULL,0,NULL,NULL),('8a8a808583d23d290183d243ec6a0000','HD2210130007',74,1,200000,8,216000,'rách',1,NULL,NULL),('8a8a808583d23d290183d251f2fd0001','HD2210130007',74,1,200000,8,216000,'không đúng mẫu',1,NULL,NULL),('8a8a808583d23d290183d2f765b50003','HD2210140001',73,1,180000,10,198000,NULL,0,NULL,NULL),('8a8a808583d23d290183d2f765b70004','HD2210140001',72,1,900000,10,990000,'có vấn đề',1,NULL,NULL),('8a8a808583d7c5800183dc8330920000','HD2210150001',72,1,800000,10,880000,NULL,0,NULL,NULL),('8a8a808583dcab950183dcae67e80000','HD2210160001',72,2,800000,10,1760000,NULL,0,NULL,NULL),('8a8a808583dcab950183dcaeceae0001','HD2210160002',72,3,800000,10,2640000,NULL,0,NULL,NULL),('8a8a808583e70c9b0183ea7df2d20000','HD2210180001',72,1,900000,10,990000,NULL,0,NULL,NULL),('8a8a808583fbcfc20183ffc5b6770007','HD2210220001',72,2,800000,10,1760000,NULL,0,NULL,NULL),('8a8a808583fbcfc20183ffc62a750008','HD2210220002',72,2,800000,10,1760000,NULL,0,NULL,NULL),('8a8a808583fbcfc20183ffc62a770009','HD2210220002',73,2,180000,10,396000,NULL,0,NULL,NULL),('8a8a808583fbcfc20183ffda33f1000a','HD2210220003',72,1,800000,10,880000,'lỗi',1,NULL,NULL),('8a8a808583fbcfc20183ffda33f3000b','HD2210220003',73,3,180000,10,594000,NULL,0,NULL,NULL),('8a8a808583fbcfc20183ffdb550e000c','HD2210220003',72,1,800000,10,880000,NULL,0,NULL,NULL),('8a8a808583fbcfc20184000a35730012','HD2210220004',72,2,800000,10,1760000,NULL,0,NULL,NULL),('8a8a808583fbcfc201840015bfa30013','HD2210220005',72,1,800000,10,880000,NULL,0,NULL,NULL),('8a8a808583fbcfc201840015bfa50014','HD2210220005',88,1,450000,10,495000,NULL,0,NULL,NULL),('8a8a808583fbcfc2018400d975220015','HD2209210002',72,1,800000,10,880000,NULL,NULL,NULL,NULL),('8a8a808583fbcfc2018405690e380016','HD2210230001',72,1,1000000,10,1100000,NULL,0,NULL,NULL),('8a8a808583fbcfc20184056a64580017','HD2210230002',72,1,1200000,10,1320000,NULL,0,NULL,NULL),('8a8a808583fbcfc201840575d3500018','HD2210230003',72,1,1200000,10,1320000,NULL,0,NULL,NULL),('8a8a808583fbcfc20184057641600019','HD2210230004',72,1,1200000,10,1320000,NULL,0,NULL,NULL),('8a8a808583fbcfc20184057c9000001a','HD2210230005',72,1,1200000,10,1320000,NULL,0,NULL,NULL),('8a8a808584100068018410623ebb0000','HD2210260001',79,1,500000,8,540000,NULL,0,NULL,NULL),('8a8a808584100068018410623ebb0001','HD2210260001',74,1,300000,10,330000,NULL,0,NULL,NULL),('8a8a808584100068018410623ebb0002','HD2210260001',72,3,1200000,10,3960000,NULL,0,NULL,NULL),('8a8a808584106bb50184107e33c00000','HD2210260002',72,1,1200000,10,1320000,NULL,0,NULL,NULL),('8a8a808584106bb50184107e33c00001','HD2210260002',73,1,200000,10,220000,NULL,0,NULL,NULL),('8a8a808584106bb50184107e33c00002','HD2210260002',79,1,500000,8,540000,NULL,0,NULL,NULL),('8a8a808584106bb50184108cfa7a0003','HD2210260003',72,1,1200000,10,1320000,NULL,0,NULL,NULL),('8a8a8085841a3b0201841a7206ec0000','HD2210280001',75,1,1231230,10,1354353,NULL,0,NULL,NULL),('8a8a8085841a3b0201841a7206ec0001','HD2210280001',72,1,1200000,10,1320000,NULL,0,NULL,NULL),('8a8a8085841a77c90184236dbd200000','HD2210290001',79,2,500000,8,1080000,NULL,0,NULL,NULL),('8a8a8085841a77c90184236dbd200001','HD2210290001',73,1,200000,10,220000,NULL,0,NULL,NULL),('8a8a8085842378b20184237da3c20000','HD2210290002',72,3,1200000,10,3960000,NULL,0,NULL,NULL),('8a8a808584238adb0184241abf500000','HD2210290004',72,2,1200000,10,2640000,NULL,0,NULL,NULL),('8a8a8085842a397d01842e835d800000','HD2210260006',73,1,200000,10,220000,NULL,0,NULL,NULL),('8a8a8085842eb62b01842f41366b0003','HD2211010001',72,1,1100000,10,1210000,'xấu',1,NULL,NULL),('8a8a8085842eb62b01842f4136700004','HD2211010001',73,1,200000,10,220000,'bẩn',1,NULL,NULL),('8a8a8085842eb62b01842f41d2130005','HD2211010002',73,1,200000,10,220000,NULL,0,NULL,NULL),('8a8a8085842eb62b01842f41d2140006','HD2211010002',72,1,1100000,10,1210000,NULL,0,NULL,NULL),('8a8a8085842eb62b01842f41d2170007','HD2211010002',74,1,200000,10,220000,'bẩn quá',1,NULL,NULL),('8a8a8085842eb62b01842f438fe20008','HD2211010001',72,1,1100000,10,1210000,'aaaaaaaaaa',1,NULL,NULL),('8a8a8085842eb62b01842f43f9e60009','HD2211010002',74,1,200000,10,220000,NULL,0,NULL,NULL),('8a8a8085842f62b0018433a634ca0000','HD2211010003',72,1,1200000,10,1320000,NULL,0,NULL,NULL),('8a8a8085843434ab0184345a088e0006','HD2211010004',79,1,500000,8,500000,NULL,0,NULL,NULL),('8a8a8085843434ab0184345a088e0007','HD2211010004',72,1,1200000,10,1200000,NULL,0,NULL,NULL),('8a8a80858434a026018434acce8d0000','HD2211020001',75,1,1231230,10,1354353,NULL,0,NULL,NULL),('8a8a808584393863018439649e0f0007','HD2211030002',73,1,200000,10,200000,NULL,0,NULL,NULL),('8a8a8085843938630184396a205d0009','HD2211030003',73,1,200000,10,220000,NULL,0,NULL,NULL),('8a8a8085843a2e6e01843e8be4370000','HD2211040001',72,1,1100000,10,1210000,'không đúng size',3,NULL,NULL),('8a8a8085843a2e6e01843e8ceac50001','HD2211040002',72,1,1100000,10,1210000,NULL,0,NULL,NULL),('8a8a8085843a2e6e01843e90cc060002','HD2211040003',74,1,200000,10,220000,NULL,0,NULL,NULL),('8a8a8085843f1e3f0184407f1cfe0000','HD2211040004',73,1,200000,10,220000,NULL,0,NULL,NULL),('8a8a8085843f1e3f0184408031770001','HD2211040005',91,1,400000,10,440000,NULL,0,NULL,NULL),('8a8a8085843f1e3f018440852a410002','HD2211040006',72,1,1100000,10,1210000,NULL,0,NULL,NULL),('8a8a8085843f1e3f01844085d9a80003','HD2211040007',72,1,1100000,10,1210000,NULL,0,NULL,NULL),('8a8a8085843f1e3f0184408a11f90004','HD2211040008',72,1,1100000,10,1210000,NULL,0,NULL,NULL),('8a8a8085843f1e3f018440963c9c0005','HD2211040009',72,1,1100000,10,1210000,NULL,0,NULL,NULL),('8a8a8085843f1e3f018443ac63af0006','HD2211050001',72,1,1100000,10,1210000,NULL,0,NULL,NULL),('8a8a8085843f1e3f018443af0d090007','HD2211050002',72,1,1100000,10,1210000,NULL,0,NULL,NULL),('8a8a8085843f1e3f018443afd5af0008','HD2211050003',72,1,1100000,10,1210000,NULL,0,NULL,NULL),('8a8a8085843f1e3f018445340b280009','HD2211050004',74,1,200000,10,220000,NULL,0,NULL,NULL),('8a8a8085843f1e3f018445e941ff000a','HD2211050005',72,1,1100000,10,1210000,NULL,0,NULL,NULL),('8a8a8085843f1e3f018445ed135f000b','HD2211050006',73,2,170000,10,374000,NULL,0,NULL,NULL),('8a8a8085843f1e3f018445faf1cc000c','HD2211050007',72,1,1100000,10,1210000,NULL,0,NULL,NULL),('8a8a8085843f1e3f018446f19e31000f','HD2211050008',72,3,1100000,10,3630000,NULL,0,NULL,NULL),('8a8a8085843f1e3f018446f4c7c50010','HD2211050009',72,1,1100000,10,1210000,NULL,0,NULL,NULL),('8a8a8085843f1e3f01844706dc2b0011','HD2211050010',72,1,1100000,10,1210000,NULL,0,NULL,NULL),('8a8a8085843f1e3f0184470e84e50012','HD2211050012',72,1,1100000,10,1210000,NULL,0,NULL,NULL),('8a8a8085843f1e3f01844778731c0015','HD2211050013',72,1,1200000,10,1320000,NULL,0,NULL,NULL),('8a8a8085843f1e3f0184477cdea30016','HD2211050014',72,1,1200000,10,1320000,NULL,0,NULL,NULL),('8a8a8085843f1e3f0184477d54c30017','HD2211050015',72,1,1200000,10,1320000,NULL,0,NULL,NULL),('8a8a8085843f1e3f0184477e6b1a0018','HD2211050016',73,1,200000,10,220000,NULL,0,NULL,NULL),('8a8a8085843f1e3f0184477ed9280019','HD2211050017',74,1,300000,10,330000,NULL,0,NULL,NULL),('8a8a8085843f1e3f0184479ec6ea001a','HD2211050018',74,15,300000,10,4950000,NULL,0,NULL,NULL),('8a8a8085843f1e3f0184479ec6ea001b','HD2211050018',85,1,250000,10,275000,NULL,0,NULL,NULL),('8a8a8085843f1e3f0184479ec6ea001c','HD2211050018',93,1,600000,10,660000,NULL,0,NULL,NULL),('8a8a8085843f1e3f01844860bcae001e','HD2211050020',73,2,200000,10,440000,NULL,0,NULL,NULL),('8a8a8085843f1e3f018448d20af0001f','HD2211060001',72,1,1200000,10,1320000,NULL,0,NULL,NULL),('8a8a8085844ef15201844f3ca5780000','HD2211070001',126,1,10000,10,11000,NULL,0,NULL,NULL),('8a8a8085844ef15201844ff7a5ae0001','HD2211070002',128,1,10000,10,11000,NULL,0,NULL,NULL),('8a8a8085844ef152018450dca7200004','HD2211070003',92,1,500000,10,550000,NULL,0,NULL,NULL),('8a8a8085844ef152018452e69a3e0006','HD2211070004',72,1,1200000,10,2640000,'quá xấu',1,NULL,NULL),('8a8a8085844ef152018452e69a400007','HD2211070004',73,1,200000,10,220000,NULL,0,NULL,NULL),('8a8a8085844ef152018452e69a420008','HD2211070004',74,1,300000,10,330000,NULL,0,NULL,NULL),('8a8a8085844ef1520184533d6c5d0009','HD2211080001',72,1,1200000,10,1320000,NULL,0,NULL,NULL),('8a8a8085844ef1520184533d6c5f000a','HD2211080001',74,1,300000,10,330000,NULL,0,NULL,NULL),('8a8a8085844ef15201845346ea3f000b','HD2211080002',72,1,1200000,10,1320000,NULL,0,NULL,NULL),('8a8a8085844ef15201845347a052000c','HD2211080003',72,1,1200000,10,1320000,NULL,0,NULL,NULL),('8a8a8085844ef15201845347a053000d','HD2211080003',74,1,300000,10,330000,NULL,0,NULL,NULL),('8a8a8085844ef152018453481209000e','HD2211080004',72,2,1200000,10,2640000,NULL,0,NULL,NULL),('8a8a8085844ef15201845348120a000f','HD2211080004',74,1,300000,10,330000,NULL,0,NULL,NULL),('8a8a80858453adc5018455707c6f0000','HD2211050019',98,1,10000,10,10000,NULL,0,NULL,NULL),('8a8a80858457cf2f018458062d3e0000','HD2211070004',72,1,1200000,10,2640000,'xấu',3,NULL,NULL),('8a8a8085845c8aec01845c977ece0002','HD2211090001',79,2,500000,8,1000000,NULL,0,NULL,NULL),('8a8a8085845c8aec01845cbfc6820003','HD2211090002',72,1,1200000,10,1320000,NULL,0,NULL,NULL),('8a8a8085845c8aec01845d57c1bd0004','HD2209030003',72,1,1200000,10,1320000,NULL,NULL,NULL,NULL),('8a8a8085845c8aec01845d6f7ecb0005','HD2211100001',72,1,1200000,10,1320000,NULL,0,NULL,NULL),('8a8a8085845c8aec01845d6fbe9b0006','HD2211100002',72,1,1200000,10,1320000,NULL,0,NULL,NULL),('8a8a8085845c8aec01845d7035d20007','HD2211100003',72,1,1200000,10,1320000,NULL,0,NULL,NULL),('8a8a8085845dd28301845df14e180002','HD2211100004',72,5,1200000,10,6000000,NULL,0,NULL,NULL),('8a8a808584631e1a018464d2bb400000','HD2211110001',73,2,200000,10,440000,NULL,0,NULL,NULL),('8a8a808584631e1a018464d4383e0001','HD2211110002',73,1,200000,10,220000,NULL,0,NULL,NULL),('8a8a808584631e1a01846553ca920002','HD2211110003',72,2,1200000,10,2640000,NULL,0,NULL,NULL),('8a8a808584631e1a0184657056c40003','HD2211110004',73,2,200000,10,440000,NULL,0,NULL,NULL),('8a8a808584631e1a0184661850250004','HD2211110005',72,2,1200000,10,2640000,NULL,0,NULL,NULL),('8a8a808584631e1a018466472c950005','HD2211110006',96,2,10000,10,22000,NULL,0,NULL,NULL),('8a8a808584631e1a01846648c9cf0006','HD2211110007',72,2,1200000,10,2640000,NULL,0,NULL,NULL),('8a8a808584631e1a01846658099c0007','HD2211110008',72,1,1200000,10,1320000,NULL,0,NULL,NULL),('8a8a80858466d694018467c829ba000a','HD2211120001',75,1,1231230,10,1354353,NULL,0,NULL,NULL),('8a8a8085846a468d01846bf13e420000','HD2211120002',79,1,500000,8,540000,'test',1,NULL,NULL),('8a8a8085846a468d01846bfa9bd70001','HD2211120003',85,1,250000,10,275000,NULL,0,NULL,NULL),('8a8a8085846a468d01846bfbd12a0002','HD2211120004',85,3,250000,10,825000,NULL,0,NULL,NULL),('8a8a8085846a468d01846bfccc8e0003','HD2211120005',92,1,500000,10,550000,NULL,0,NULL,NULL),('8a8a8085846a468d01846bfea7bd0004','HD2211120004',73,1,1200000,10,1320000,NULL,NULL,NULL,NULL),('8a8a8085846a468d01846c00b26f0005','HD2211120006',75,1,1231230,10,1354353,NULL,0,NULL,NULL),('8a8a808584713d5f018471ae6cda000d','HD2211130001',78,1,423240,10,465564,NULL,0,NULL,NULL),('8a8a808584713d5f018471b09dd9000e','HD2211130002',74,1,300000,10,330000,NULL,0,NULL,NULL),('8a8a808584713d5f018471b11bad000f','HD2211130003',77,1,141130,10,155243,NULL,0,NULL,NULL),('8a8a808584713d5f018471b3faae0010','HD2211130004',74,2,300000,10,660000,NULL,0,NULL,NULL),('8a8a808584713d5f018471bd63940012','HD2211130005',82,1,200000,10,220000,NULL,0,NULL,NULL),('8a8a808584713d5f018471c216330016','HD2211130006',86,1,250000,10,275000,NULL,0,NULL,NULL),('8a8a808584713d5f018471f296880019','HD2210260005',73,1,600000,10,660000,NULL,NULL,NULL,NULL),('8a8a8085847256da018473d79f100000','HD2211140001',127,1,10000,10,11000,NULL,0,NULL,NULL),('8a8a80858474cfec01847509ddc10000','HD2211140002',87,1,250000,10,275000,NULL,0,NULL,NULL),('8a8a80858474cfec018476a8cf880005','HD2211140003',86,1,250000,10,275000,NULL,0,NULL,NULL),('8a8a80858474cfec018476e413cb0006','HD2211140004',74,1,300000,10,330000,NULL,0,NULL,NULL),('8a8a808584770d7c018477338e080002','HD2211150001',87,1,250000,10,275000,NULL,0,NULL,NULL),('8a8a808584770d7c018477338e090003','HD2211150001',95,1,1000000,10,1100000,NULL,0,NULL,NULL),('8a8a808584770d7c01847734beb10005','HD2211150002',79,3,500000,8,1620000,NULL,0,NULL,NULL),('8a8a80858477e02001847c10e06b0001','HD2210260006',75,1,1231230,10,1354353,NULL,NULL,NULL,NULL),('8a8a80858480871a0184809d03240000','HD2211160001',72,2,120000,10,264000,NULL,0,NULL,NULL),('8a8a80858480871a0184809d3b5f0001','HD2211160002',72,1,120000,10,132000,NULL,0,NULL,NULL),('8a8a80858480871a0184809efc3c0002','HD2211160003',73,2,1210000,8,2613600,NULL,0,NULL,NULL),('8a8a80858480871a0184809f89260003','HD2211160004',73,1,1210000,8,1306800,NULL,0,NULL,NULL),('8a8a80858480871a018480a4c3d50004','HD2211160005',73,1,1210000,8,1306800,NULL,0,NULL,NULL),('8a8a80858480871a018480a584140005','HD2211160006',72,1,120000,10,132000,NULL,0,NULL,NULL),('8a8a80858480871a018480a5d16c0006','HD2211160007',72,1,120000,10,132000,NULL,0,NULL,NULL),('8a8a80858480871a018480a6234e0007','HD2211160008',77,1,10,10,11,NULL,0,NULL,NULL),('8a8a80858480871a018480c559920008','HD2211160009',73,1,1210000,8,1306800,NULL,0,NULL,NULL),('8a8a80858480871a018480c6e9730009','HD2211160010',73,1,1210000,8,1306800,NULL,0,NULL,NULL),('8a8a80858480871a018480c7b128000a','HD2211160011',73,1,1210000,8,1306800,NULL,0,NULL,NULL),('8a8a80858480871a018480d3843d000b','HD2211160012',73,1,1210000,8,1306800,NULL,0,NULL,NULL),('8a8a80858480871a018480dd743e000c','HD2211160013',73,1,1210000,8,1306800,NULL,0,NULL,NULL),('8a8a80858480871a018480df011b000d','HD2211160014',73,1,1210000,8,1306800,NULL,0,NULL,NULL),('8a8a80858480871a018480e18685000e','HD2211160015',73,1,1210000,8,1306800,NULL,0,NULL,NULL),('8a8a80858480871a018480e3f64b000f','HD2211160016',73,1,1210000,8,1306800,NULL,0,NULL,NULL),('8a8a80858480871a018480e4321c0010','HD2211160017',73,1,1210000,8,1306800,NULL,0,NULL,NULL),('8a8a80858480871a018480e733f70011','HD2211160018',73,1,1210000,8,1306800,NULL,0,NULL,NULL),('8a8a80858480871a018480e906180012','HD2211160019',73,1,1210000,8,1306800,NULL,0,NULL,NULL),('8a8a80858480871a018480e9c0d10013','HD2211160020',73,1,1210000,8,1306800,NULL,0,NULL,NULL),('8a8a80858480871a018480ecae660014','HD2211160021',73,1,1210000,8,1306800,NULL,0,NULL,NULL),('8a8a80858480871a018480ee44230015','HD2211160022',73,1,1210000,8,1306800,NULL,0,NULL,NULL),('8a8a80858480871a018480ee80d80016','HD2211160023',73,1,1210000,8,1306800,NULL,0,NULL,NULL),('8a8a80858480871a018480ef689a0017','HD2211160024',73,1,1210000,8,1306800,NULL,0,NULL,NULL),('8a8a80858480871a018480efa4580018','HD2211160025',73,1,1210000,8,1306800,NULL,0,NULL,NULL),('8a8a80858480871a018480f02f2b0019','HD2211160026',73,1,1210000,8,1306800,NULL,0,NULL,NULL),('8a8a80858480871a018480f0c678001a','HD2211160027',73,1,1210000,8,1306800,'1',1,NULL,NULL),('8a8a80858480871a018480f1428f001b','HD2211160028',73,1,1210000,8,1306800,'lỗi form',1,NULL,NULL),('8a8a808584811e110184812fd5c20000','HD2211160029',74,1,310000,10,341000,NULL,0,NULL,NULL),('8a8a808584811e1101848132710f0001','HD2211160030',74,1,310000,10,341000,NULL,0,NULL,NULL),('8a8a808584811e1101848137f1240003','HD2211160031',85,1,250000,10,275000,'bẩn',1,NULL,NULL),('8a8a808584811e1101848137f1240004','HD2211160031',92,1,500000,10,550000,'hỏng',1,NULL,NULL),('8a8a808584811e1101848137f1250005','HD2211160031',91,1,400000,10,440000,NULL,0,NULL,NULL),('8a8a808584815ad1018481622a9f0002','HD2211170001',92,1,500000,10,550000,NULL,0,NULL,NULL),('8a8a80858486f693018487c815570000','HD2211030001',73,1,200000,10,600000,'Không vừa ý',0,NULL,NULL),('8a8a80858486f693018487cc81f20001','HD2211030001',73,2,200000,10,600000,'Lỗi',1,NULL,NULL),('8a8a80858486f693018487cca6f30002','HD2211030001',73,1,200000,10,600000,'Không vừa ý',1,NULL,NULL),('8a8a8085848c2b9801848c3534290004','HD2211190001',73,1,1089000,8,3528360,'Lỗi 1',0,NULL,NULL),('8a8a8085848c2b9801848c35342c0005','HD2211190001',74,1,310000,10,341000,'Lỗi 2',1,NULL,NULL),('8a8a8085848c2b9801848c3534320006','HD2211190001',72,1,360000,10,396000,NULL,0,NULL,NULL),('8a8a8085848c2b9801848c3630c10007','HD2211190001',73,1,1089000,8,3528360,'Lỗi 1',1,NULL,NULL),('8a8a8085848c2b9801848c36ba870008','HD2211190001',74,1,0,0,0,'Hoàn tiền',4,'8a8a8085848c2b9801848c35342c0005',4),('8a8a8085848c2b9801848c36ba920009','HD2211190001',72,1,400000,10,40000,'Hàng đổi trả',4,'8a8a8085848c2b9801848c3630c10007',4),('8a8a8085848c4dd201848c4e70dd0000','HD2211190002',72,4,360000,10,1584000,NULL,0,NULL,NULL),('8a8a8085848c4dd201848f764e500001','HD2211190003',86,3,250000,10,825000,'Lỗi',1,NULL,2),('8a8a8085848ff4bd01849053e9420000','HD2211190004',72,1,360000,10,396000,NULL,1,NULL,2),('8a8a8085848ff4bd01849053e9550001','HD2211190004',73,3,1089000,8,3528360,'rách',1,NULL,4),('8a8a8085848ff4bd01849053e9590002','HD2211190004',74,1,310000,10,341000,NULL,1,NULL,2),('8a8a8085848ff4bd0184906887b80003','HD2211190004',73,1,1089000,8,1176120,NULL,0,NULL,NULL),('8a8a808584909369018490e4cc110000','HD2211190004',72,1,360000,10,396000,'Hàng đổi trả',4,'8a8a8085848ff4bd01849053e9550001',4),('8a8a808584909369018490e4cc1b0001','HD2211190004',73,1,0,0,0,'Hoàn tiền',4,'8a8a8085848ff4bd01849053e9550001',4),('8a8a808584909369018490e4cc1c0002','HD2211190004',74,1,310000,10,341000,'Hàng đổi trả',4,'8a8a8085848ff4bd01849053e9550001',4),('8a8a80858490eb54018490ee1f160000','HD2211200001',73,1,1089000,8,1176120,'bẩn',1,NULL,2),('8a8a80858490eb5401849109f3760001','HD2211200002',73,2,1089000,8,2352240,'xấu',1,NULL,4),('8a8a80858490eb540184917feac60002','HD2211200002',72,1,380000,10,418000,'Hàng đổi trả',4,'8a8a80858490eb5401849109f3760001',4),('8a8a80858490eb540184917feac90003','HD2211200002',73,1,1089000,8,1176120,'Hàng đổi trả',4,'8a8a80858490eb5401849109f3760001',4),('8a8a808584927e2f018493d34ded0000','HD2211190003',86,9,250000,10,2475000,NULL,0,NULL,NULL),('8a8a80858496a6dc01849b26b09b0000','HD2211220001',75,1,1231230,10,1354353,NULL,0,NULL,NULL),('8a8a8085849b831201849ece6f060001','HD2211190003',NULL,0,0,0,0,'Hoàn tiền',4,'402880eb848f837701848f83cc690000',11),('8a8a8085849b831201849ed238740004','HD2211220002',127,1,100000,10,110000,'Lỗi',2,NULL,NULL),('8a8a8085849b831201849ed238740005','HD2211220002',85,1,250000,10,275000,NULL,0,NULL,NULL),('8a8a808584a019030184a05ce8b90000','HD2211230001',74,1,310000,10,341000,'lỗi',1,NULL,2),('8a8a808584a019030184a05ce8bf0001','HD2211230001',75,2,1231230,10,2708706,'lỗi',1,NULL,2),('8a8a808584a019030184a05ce8c10002','HD2211230001',77,1,10,10,11,NULL,0,NULL,NULL),('8a8a808584a019030184a09a31b00003','HD2211230002',74,2,310000,10,682000,'lỗi',1,NULL,2),('8a8a808584a019030184a09a31b10004','HD2211230002',75,3,1231230,10,4063059,NULL,0,NULL,NULL),('8a8a808584a019030184a09bc07e0005','HD2211230003',75,2,1231230,10,2708706,'Test',1,NULL,2),('8a8a808584a019030184a09bc0800006','HD2211230003',78,3,423240,10,1396692,NULL,0,NULL,NULL),('8a8a808584a0a06f0184a0a94cf20001','HD2211230004',74,1,310000,10,341000,'1',1,NULL,4),('8a8a808584a0a06f0184a0a9e0360002','HD2211230004',74,1,310000,10,341000,NULL,0,NULL,NULL),('8a8a808584a0a06f0184a0a9e0370003','HD2211230004',NULL,0,0,0,0,'Hoàn tiền',4,'8a8a808584a0a06f0184a0a94cf20001',4),('8a8a808584a0a06f0184a0aa76580004','HD2211230005',74,2,310000,10,682000,'ko dc giống',1,NULL,4),('8a8a808584a0a06f0184a0ab7c530005','HD2211230005',74,1,310000,10,341000,NULL,0,NULL,NULL),('8a8a808584a0a06f0184a0ab7c540006','HD2211230005',NULL,0,0,0,0,'Hoàn tiền',4,'8a8a808584a0a06f0184a0aa76580004',4),('8a8a808584a0a06f0184a0ab7c560007','HD2211230005',74,1,310000,10,341000,'Hàng đổi trả',4,'8a8a808584a0a06f0184a0aa76580004',4),('8a8a808584a0a06f0184a0ad81b40008','HD2211230006',74,3,310000,10,1023000,NULL,0,NULL,NULL),('8a8a808584a0a06f0184a0ad81b60009','HD2211230006',75,2,1231230,10,2708706,NULL,0,NULL,NULL),('8a8a808584a0a06f0184a0adfa39000a','HD2211230007',78,2,423240,10,931128,NULL,0,NULL,NULL),('8a8a808584a0a06f0184a0adfa3c000b','HD2211230007',79,2,500000,8,1080000,NULL,0,NULL,NULL),('8a8a808584a0a06f0184a0ae4a2c000c','HD2211230008',74,1,310000,10,341000,NULL,0,NULL,NULL),('8a8a808584a0a06f0184a0ae4a2e000d','HD2211230008',78,2,423240,10,931128,NULL,0,NULL,NULL),('8a8a808584a0a06f0184a0ae84ba000e','HD2211230009',75,2,1231230,10,2708706,NULL,0,NULL,NULL),('8a8a808584a0a06f0184a0ae84bc000f','HD2211230009',77,1,10,10,11,NULL,0,NULL,NULL),('8a8a808584a0a06f0184a34bfb430014','HD2211230010',75,1,1231230,10,1354353,NULL,0,NULL,NULL),('8a8a808584a0a06f0184a34d59570015','HD2211230011',75,1,1231230,10,1354353,NULL,0,NULL,NULL),('8a8a808584a0a06f0184a34d595a0016','HD2211230011',74,1,310000,10,341000,NULL,0,NULL,NULL),('8a8a808584a0a06f0184a34da3ce0017','HD2211230012',74,1,310000,10,341000,NULL,0,NULL,NULL),('8a8a808584a0a06f0184a3d2590e0018','HD2211050012',74,1,310000,10,341000,NULL,NULL,NULL,NULL),('8a8a808584a5b83e0184a5c8b46d0000','HD2211240001',74,1,310000,10,341000,NULL,0,NULL,NULL),('8a8a808584a5b83e0184a5c8b46f0001','HD2211240001',97,1,10000,10,11000,NULL,0,NULL,NULL),('8a8a808584a5b83e0184a5c8b4720002','HD2211240001',98,1,10000,10,11000,NULL,0,NULL,NULL),('8a8a808584a5b83e0184a5cd86150003','HD2211240002',74,1,310000,10,341000,NULL,0,NULL,NULL),('8a8a808584a5b83e0184a5cd86160004','HD2211240002',79,1,500000,8,540000,NULL,0,NULL,NULL),('8a8a808584a5b83e0184a5d433340005','HD2211240003',74,1,310000,10,341000,NULL,0,NULL,NULL),('8a8a808584ab143f0184ab182eb70007','HD2210290003',79,2,500000,8,1080000,NULL,0,NULL,NULL),('8a8a808584ab143f0184ab182eb70008','HD2210290003',74,4,310000,10,1364000,NULL,0,NULL,NULL),('8a8a808584ab143f0184ab182eb80009','HD2210290003',85,2,225000,10,495000,NULL,0,NULL,NULL),('8a8a808584ab143f0184ab182eb8000a','HD2210290003',82,3,200000,10,660000,NULL,0,NULL,NULL),('8a8a808584ab143f0184ae2a11e2000e','HD2211140005',89,2,400000,10,800000,NULL,0,NULL,NULL),('8a8a808584ab143f0184ae2a11e3000f','HD2211140005',95,1,1000000,10,1000000,NULL,0,NULL,NULL),('8a8a808584ab143f0184ae2a11e40010','HD2211140005',94,1,100000,10,100000,NULL,0,NULL,NULL),('8a8a808584ab143f0184ae2a49b50011','HD2211170002',92,2,500000,10,1000000,NULL,0,NULL,NULL),('8a8a808584ab143f0184ae2a49b50012','HD2211170002',74,2,310000,10,620000,NULL,0,NULL,NULL),('8a8a808584ab143f0184ae2a49b50013','HD2211170002',75,3,1231230,10,3693690,NULL,0,NULL,NULL),('8a8a808584ab143f0184ae3b039d0015','HD2211250001',95,1,1000000,10,1100000,NULL,0,NULL,NULL),('8a8a808584ab143f0184ae3bb3cc0016','HD2211250002',95,1,1000000,10,1100000,NULL,0,NULL,NULL),('8a8a808584af294f0184b403f20b0000','HD2211260001',74,1,310000,10,341000,NULL,0,NULL,NULL),('8a8a808584af294f0184b41768db0002','HD2211260002',79,1,500000,8,540000,NULL,0,NULL,NULL),('8a8a808584af294f0184b42ee5d10003','HD2211260003',85,2,250000,10,550000,NULL,0,NULL,NULL),('8a8a808584af294f0184b42f7bf60004','HD2211260004',85,1,250000,10,275000,NULL,0,NULL,NULL),('8a8a808584af294f0184b435fe870006','HD2211260005',85,2,250000,10,550000,NULL,0,NULL,NULL),('8a8a808584af294f0184b4420e95000b','HD2211260006',88,1,450000,10,495000,NULL,0,NULL,NULL),('8a8a808584af294f0184b4447fe3000c','HD2210070001',73,1,180000,10,198000,NULL,0,NULL,NULL),('8a8a808584af294f0184b4468aa5000e','HD2210260004',72,1,1200000,10,1320000,NULL,0,NULL,NULL),('8a8a808584af294f0184b446a6dd000f','HD2210150002',72,1,800000,10,880000,NULL,0,NULL,NULL),('8a8a808584af294f0184b44b22f60012','HD2211140002',73,1,63090,8,68137,NULL,NULL,NULL,NULL),('8a8a808584af294f0184b44cbd2a0013','HD2211260007',92,1,500000,10,550000,NULL,0,NULL,NULL),('8a8a808584af294f0184b44d26b80014','HD2210260005',74,1,310000,10,341000,NULL,NULL,NULL,NULL),('8a8a808584af294f0184b454608b0015','HD2211260008',90,1,300000,10,330000,NULL,0,NULL,NULL),('8a8a808584af294f0184b45740b50016','HD2211260009',97,1,10000,10,11000,NULL,0,NULL,NULL),('8a8a808584af294f0184b45f58490017','HD2211260010',77,1,10,10,11,NULL,0,NULL,NULL),('8a8a808584af294f0184b46433c00018','HD2211260011',75,1,1231230,10,1354353,NULL,0,NULL,NULL),('8a8a808584af294f0184b46b12e20019','HD2211250003',95,1,1000000,10,1100000,NULL,0,NULL,NULL),('90','HD2209060009',76,1,112110,NULL,112110,NULL,0,NULL,NULL),('91','HD2209060010',76,1,112110,NULL,112110,NULL,0,NULL,NULL),('92','HD2209060011',76,1,112110,NULL,112110,NULL,0,NULL,NULL),('93','HD2209060012',76,1,112110,NULL,112110,NULL,0,NULL,NULL),('94','HD2209060013',77,2,141130,NULL,282260,NULL,0,NULL,NULL),('95','HD2209060014',79,1,500000,NULL,500000,NULL,0,NULL,NULL),('96','HD2209060015',79,1,500000,NULL,500000,NULL,0,NULL,NULL),('97','HD2209060016',79,2,500000,NULL,1000000,NULL,0,NULL,NULL),('98','HD2209060017',75,4,1231230,NULL,4924920,NULL,0,NULL,NULL);
/*!40000 ALTER TABLE `bill_details` ENABLE KEYS */;
UNLOCK TABLES;

--
-- Table structure for table `bills`
--

DROP TABLE IF EXISTS `bills`;
/*!40101 SET @saved_cs_client     = @@character_set_client */;
/*!50503 SET character_set_client = utf8mb4 */;
CREATE TABLE `bills` (
  `bill_id` varchar(50) CHARACTER SET utf8mb3 COLLATE utf8mb3_general_ci NOT NULL,
  `customer_id` int DEFAULT NULL,
  `user_id` int DEFAULT NULL,
  `created_date` datetime DEFAULT NULL,
  `total_money` decimal(10,0) DEFAULT '0',
  `shipping_fee` decimal(10,0) DEFAULT '0',
  `discount` int DEFAULT '0',
  `payments` int DEFAULT '0',
  `phone` varchar(20) CHARACTER SET utf8mb3 COLLATE utf8mb3_unicode_ci DEFAULT NULL,
  `note` varchar(100) CHARACTER SET utf8mb3 COLLATE utf8mb3_general_ci DEFAULT NULL,
  `bill_type` int DEFAULT '0',
  `division_id` int DEFAULT '0',
  `division_name` varchar(100) CHARACTER SET utf8mb3 COLLATE utf8mb3_unicode_ci DEFAULT NULL,
  `district_id` int DEFAULT '0',
  `district_name` varchar(100) CHARACTER SET utf8mb3 COLLATE utf8mb3_unicode_ci DEFAULT NULL,
  `ward_id` int DEFAULT '0',
  `ward_name` varchar(100) CHARACTER SET utf8mb3 COLLATE utf8mb3_unicode_ci DEFAULT NULL,
  `ward_code` varchar(100) CHARACTER SET utf8mb3 COLLATE utf8mb3_unicode_ci DEFAULT NULL,
  `address_detail` varchar(255) CHARACTER SET utf8mb3 COLLATE utf8mb3_general_ci DEFAULT NULL,
  `success_date` date DEFAULT NULL,
  `status` int DEFAULT '1',
  PRIMARY KEY (`bill_id`),
  KEY `customer_idx_idx` (`customer_id`),
  KEY `user_idx_idx` (`user_id`),
  CONSTRAINT `customer_idx` FOREIGN KEY (`customer_id`) REFERENCES `users` (`user_id`),
  CONSTRAINT `user_idx` FOREIGN KEY (`user_id`) REFERENCES `users` (`user_id`)
) ENGINE=InnoDB DEFAULT CHARSET=utf8mb3 COLLATE=utf8mb3_unicode_ci;
/*!40101 SET character_set_client = @saved_cs_client */;

--
-- Dumping data for table `bills`
--

LOCK TABLES `bills` WRITE;
/*!40000 ALTER TABLE `bills` DISABLE KEYS */;
INSERT INTO `bills` VALUES ('HD2209010001',2,2,'2022-09-01 00:00:00',300000,0,0,0,'0395962002',NULL,0,0,NULL,0,NULL,0,NULL,'0',NULL,'2022-10-07',4),('HD2209020001',NULL,4,'2022-09-02 00:00:00',NULL,0,0,0,'0962652481',NULL,1,0,NULL,0,NULL,0,NULL,'0',NULL,NULL,5),('HD2209020002',NULL,4,'2022-09-02 00:00:00',NULL,0,0,0,'0962652481',NULL,1,0,NULL,0,NULL,0,NULL,'0',NULL,'2022-10-15',4),('HD2209020003',NULL,NULL,'2022-09-02 00:00:00',NULL,0,0,0,'0962652481',NULL,0,0,NULL,0,NULL,0,NULL,'0',NULL,NULL,5),('HD2209020004',NULL,NULL,'2022-09-02 00:00:00',1731230,0,0,0,'0235468615',NULL,0,0,NULL,0,NULL,0,NULL,'0',NULL,NULL,5),('HD2209030001',NULL,NULL,'2022-09-03 00:00:00',NULL,0,0,0,'0962652481',NULL,0,0,NULL,0,NULL,0,NULL,'0','đá - Phường Hàng Mã - Quận Hoàn Kiếm - Thành phố Hà Nội',NULL,5),('HD2209030002',NULL,NULL,'2022-09-03 00:00:00',NULL,0,0,0,'0962652481',NULL,0,0,NULL,0,NULL,0,NULL,'0','123 - Xã Khánh Xuân - Huyện Bảo Lạc - Tỉnh Cao Bằng',NULL,5),('HD2209030003',3,12,'2022-09-03 00:00:00',2361500,48100,0,0,'0962652481',NULL,0,246,'Cao Bằng',3299,'Huyện Thông Nông',0,'Xã Ngọc Động','60308','1',NULL,3),('HD2209030004',3,12,'2022-09-03 00:00:00',NULL,36500,0,0,'0962652481','',0,266,'Sơn La',1996,'Huyện Phù Yên',0,'Xã Mường Do','140613','đá - Phường Vĩnh Phúc - Quận Ba Đình - Thành phố Hà Nội',NULL,1),('HD2209030005',2,4,'2022-09-03 00:00:00',NULL,0,0,0,'0395962002',NULL,1,0,NULL,0,NULL,0,NULL,'0','12 - Xã Phúc Lộc - Huyện Ba Bể - Tỉnh Bắc Kạn',NULL,3),('HD2209030006',NULL,4,'2022-09-03 00:00:00',2990370,0,0,0,'',NULL,1,0,NULL,0,NULL,0,NULL,'0','số 16 - Xã Phúc Lộc - Huyện Ba Bể - Tỉnh Bắc Kạn',NULL,1),('HD2209050001',NULL,NULL,'2022-09-05 00:00:00',112110,0,0,0,'0316516511',NULL,0,0,NULL,0,NULL,0,NULL,'0',NULL,NULL,1),('HD2209050002',6,4,'2022-09-05 00:00:00',1231230,0,0,0,'0236586865',NULL,0,0,NULL,0,NULL,0,NULL,'0','12 - Xã Bành Trạch - Huyện Ba Bể - Tỉnh Bắc Kạn',NULL,1),('HD2209050003',6,7,'2022-09-05 00:00:00',1231230,0,0,0,'0236586865',NULL,0,0,NULL,0,NULL,0,NULL,'0','123 - Xã Lũng Cú - Huyện Đồng Văn - Tỉnh Hà Giang',NULL,1),('HD2209050004',8,4,'2022-09-05 00:00:00',1231230,0,0,0,'01253654835',NULL,0,0,NULL,0,NULL,0,NULL,'0','13 - Xã Thượng Giáp - Huyện Na Hang - Tỉnh Tuyên Quang',NULL,1),('HD2209050005',9,4,'2022-09-05 00:00:00',112110,0,0,0,'0235468615',NULL,1,0,NULL,0,NULL,0,NULL,'0','14 - Xã Cốc Pàng - Huyện Bảo Lạc - Tỉnh Cao Bằng',NULL,1),('HD2209050006',6,6,'2022-09-05 00:00:00',112110,0,0,0,'0236586865',NULL,0,0,NULL,0,NULL,0,NULL,'0','a - Xã Quang Hán - Huyện Trùng Khánh - Tỉnh Cao Bằng',NULL,1),('HD2209050007',7,4,'2022-09-05 00:00:00',1231230,0,0,0,'0123456789',NULL,1,0,NULL,0,NULL,0,NULL,'0','a - Xã Cốc Pàng - Huyện Bảo Lạc - Tỉnh Cao Bằng',NULL,1),('HD2209050008',4,6,'2022-09-05 00:00:00',1231230,0,0,0,'0316516511',NULL,0,0,NULL,0,NULL,0,NULL,'0','a - Xã Lũng Cú - Huyện Đồng Văn - Tỉnh Hà Giang',NULL,1),('HD2209060001',2,2,'2022-09-06 00:00:00',112110,0,0,0,'0395962002',NULL,0,0,NULL,0,NULL,0,NULL,'0','undefined - Phường Phúc Xá - Quận Ba Đình - Thành phố Hà Nội',NULL,1),('HD2209060002',3,4,'2022-09-06 00:00:00',500000,0,0,0,'0962652481',NULL,0,0,NULL,0,NULL,0,NULL,'0','undefined - Xã Pải Lủng - Huyện Mèo Vạc - Tỉnh Hà Giang',NULL,1),('HD2209060003',2,2,'2022-09-06 00:00:00',500000,0,0,0,'0395962002',NULL,0,0,NULL,0,NULL,0,NULL,'0','undefined - Phường Phúc Xá - Quận Ba Đình - Thành phố Hà Nội',NULL,1),('HD2209060004',6,6,'2022-09-06 00:00:00',1231230,0,0,0,'0236586865',NULL,0,0,NULL,0,NULL,0,NULL,'0','undefined - Xã Đức Hạnh - Huyện Bảo Lâm - Tỉnh Cao Bằng',NULL,1),('HD2209060005',2,2,'2022-09-06 00:00:00',1231230,0,0,0,'0395962002',NULL,0,0,NULL,0,NULL,0,NULL,'0','abc - Xã Leng Su Sìn - Huyện Mường Nhé - Tỉnh Điện Biên',NULL,1),('HD2209060006',2,4,'2022-09-06 00:00:00',1231230,0,0,0,'0395962002',NULL,0,0,NULL,0,NULL,0,NULL,'0','zxc - Phường Vĩnh Phúc - Quận Ba Đình - Thành phố Hà Nội',NULL,1),('HD2209060007',3,4,'2022-09-06 00:00:00',112110,0,0,0,'0962652481',NULL,0,0,NULL,0,NULL,0,NULL,'0','zsdfdsa - Xã Thượng Hà - Huyện Bảo Lạc - Tỉnh Cao Bằng',NULL,1),('HD2209060008',2,4,'2022-09-06 00:00:00',1231230,0,0,0,'0395962002',NULL,0,0,NULL,0,NULL,0,NULL,'0','undefined - Xã Xín Cái - Huyện Mèo Vạc - Tỉnh Hà Giang',NULL,1),('HD2209060009',9,4,'2022-09-06 00:00:00',112110,0,0,0,'0235468615',NULL,0,0,NULL,0,NULL,0,NULL,'0','undefined - undefined - undefined - undefined',NULL,1),('HD2209060010',NULL,4,'2022-09-06 00:00:00',112110,0,0,0,NULL,NULL,0,0,NULL,0,NULL,0,NULL,'0','undefined - undefined - undefined - undefined',NULL,1),('HD2209060011',NULL,4,'2022-09-06 00:00:00',112110,0,0,0,NULL,NULL,0,0,NULL,0,NULL,0,NULL,'0','undefined - undefined - undefined - undefined',NULL,1),('HD2209060012',NULL,4,'2022-09-06 00:00:00',112110,0,0,0,NULL,NULL,0,0,NULL,0,NULL,0,NULL,'0','undefined - undefined - undefined - undefined',NULL,1),('HD2209060013',NULL,2,'2022-09-06 00:00:00',282260,0,0,0,NULL,NULL,0,0,NULL,0,NULL,0,NULL,'0','undefined - undefined - undefined - undefined',NULL,1),('HD2209060014',NULL,2,'2022-09-06 00:00:00',500000,0,0,0,NULL,NULL,0,0,NULL,0,NULL,0,NULL,'0','undefined - undefined - undefined - undefined',NULL,1),('HD2209060015',NULL,2,'2022-09-06 00:00:00',500000,0,0,0,NULL,NULL,0,0,NULL,0,NULL,0,NULL,'0','undefined - undefined - undefined - undefined',NULL,1),('HD2209060016',NULL,2,'2022-09-06 00:00:00',1000000,0,0,0,NULL,NULL,0,0,NULL,0,NULL,0,NULL,'0','undefined - undefined - undefined - undefined',NULL,1),('HD2209060017',NULL,2,'2022-09-06 00:00:00',4924920,0,0,0,NULL,NULL,0,0,NULL,0,NULL,0,NULL,'0','undefined - undefined - undefined - undefined',NULL,1),('HD2209060018',2,4,'2022-09-06 00:00:00',1231230,0,0,0,'0395962002',NULL,0,0,NULL,0,NULL,0,NULL,'0','',NULL,1),('HD2209060019',NULL,4,'2022-09-06 00:00:00',112110,0,0,0,NULL,NULL,0,0,NULL,0,NULL,0,NULL,'0','abc - a',NULL,1),('HD2209070001',NULL,4,'2022-09-07 00:00:00',1231230,0,0,0,NULL,NULL,0,0,NULL,0,NULL,0,NULL,'0','',NULL,1),('HD2209070002',NULL,4,'2022-09-07 00:00:00',1231230,0,0,0,NULL,NULL,0,0,NULL,0,NULL,0,NULL,'0','',NULL,1),('HD2209070003',NULL,4,'2022-09-07 00:00:00',448440,0,0,0,NULL,NULL,0,0,NULL,0,NULL,0,NULL,'0','',NULL,1),('HD2209080001',NULL,4,'2022-09-08 00:00:00',2462460,0,0,0,NULL,NULL,0,0,NULL,0,NULL,0,NULL,'0','',NULL,1),('HD2209080002',NULL,4,'2022-09-08 00:00:00',141130,0,0,0,NULL,NULL,0,0,NULL,0,NULL,0,NULL,'0','',NULL,1),('HD2209110001',3,4,'2022-09-11 00:00:00',141130,0,0,0,'0962652481',NULL,0,0,NULL,0,NULL,0,NULL,'0','',NULL,1),('HD2209110002',NULL,4,'2022-09-11 00:00:00',1231230,0,0,0,NULL,NULL,0,0,NULL,0,NULL,0,NULL,'0','',NULL,1),('HD2209140001',12,12,'2022-09-14 00:00:00',1000000,0,0,0,'0395762314',NULL,0,0,NULL,0,NULL,0,NULL,'0','qqqqqqqqqq - Phường Phúc Xá - Quận Ba Đình - Thành phố Hà Nội',NULL,1),('HD2209140002',NULL,12,'2022-09-14 00:00:00',1000000,0,0,0,NULL,NULL,0,0,NULL,0,NULL,0,NULL,'0','',NULL,1),('HD2209140003',7,4,'2022-09-14 00:00:00',1231230,NULL,0,0,'0123456789',NULL,0,0,NULL,0,NULL,0,NULL,'0','123 - Xã Si Ma Cai - Huyện Si Ma Cai - Lào Cai',NULL,1),('HD2209150001',12,12,'2022-09-15 00:00:00',42656,42656,0,0,'0395762314',NULL,0,269,'Lào Cai',2264,'Huyện Si Ma Cai',0,'Xã Lùng Thẩn','800248','aaaaaaaa','2022-11-15',4),('HD2209150002',10,4,'2022-09-15 00:00:00',141130,NULL,0,0,'0123545862',NULL,0,0,NULL,0,NULL,0,NULL,'0','',NULL,1),('HD2209150003',2,4,'2022-09-15 00:00:00',1231230,NULL,0,0,'0395962002',NULL,0,0,NULL,0,NULL,0,NULL,'0','undefined - undefined - undefined - undefined',NULL,1),('HD2209150004',6,12,'2022-09-15 00:00:00',1000000,NULL,0,0,'0236586865',NULL,0,0,NULL,0,NULL,0,NULL,'0','Thị Trấn Si Ma Cai - Huyện Si Ma Cai - Lào Cai',NULL,1),('HD2209170001',NULL,4,'2022-09-17 00:00:00',1231230,NULL,0,0,NULL,NULL,0,0,NULL,0,NULL,0,NULL,'0',NULL,NULL,1),('HD2209170002',NULL,4,'2022-09-17 00:00:00',1654470,44772,0,0,NULL,NULL,0,0,NULL,0,NULL,0,NULL,'0',NULL,NULL,1),('HD2209170003',NULL,4,'2022-09-17 00:00:00',1500000,51500,0,0,NULL,NULL,0,0,NULL,0,NULL,0,NULL,'0','abc-Xã Sơn Định-Huyện Sơn Hòa-Phú Yên',NULL,1),('HD2209200001',NULL,4,'2022-09-20 00:00:00',141130,44000,0,0,NULL,NULL,0,0,NULL,0,NULL,0,NULL,'0','abc-Xã Định Thành-Huyện Đông Hải-Bạc Liêu',NULL,1),('HD2209200002',NULL,4,'2022-09-20 00:00:00',141130,36500,0,0,NULL,NULL,0,0,NULL,0,NULL,0,NULL,'0','12-Xã Thượng Thôn-Huyện Hà Quảng-Cao Bằng',NULL,1),('HD2209200003',NULL,4,'2022-09-20 00:00:00',423240,36500,0,0,NULL,NULL,0,0,NULL,0,NULL,0,NULL,'0','2-Xã Mường Khong-Huyện Tuần Giáo-Điện Biên',NULL,1),('HD2209210001',NULL,4,'2022-09-21 00:00:00',423240,NULL,0,0,NULL,NULL,0,0,NULL,0,NULL,0,NULL,'0','Xã Định Thành A - Huyện Đông Hải - Bạc Liêu',NULL,1),('HD2209210002',11,12,'2022-09-21 00:00:00',467240,37366,10,0,'0826763234','fg',0,234,'Thanh Hóa',3298,'Huyện Thiệu Hóa',0,'Xã Thiệu Trung','281725','v-Phường Hiệp Thành-Thành phố Ngã Bảy-Hậu Giang','2022-11-22',4),('HD2209210003',NULL,4,'2022-09-21 00:00:00',423240,31501,0,1,NULL,NULL,0,0,NULL,0,NULL,0,NULL,'0','12-Xã Đông Tiến-Huyện Yên Phong-Bắc Ninh',NULL,1),('HD2209220001',NULL,4,'2022-09-22 00:00:00',423240,NULL,0,0,NULL,NULL,0,0,NULL,0,NULL,0,NULL,'0','Xã Nhơn Nghĩa A - Huyện Châu Thành A - Hậu Giang',NULL,1),('HD2209220002',4,4,'2022-09-22 00:00:00',423240,NULL,0,1,'0316516511',NULL,0,0,NULL,0,NULL,0,NULL,'0','',NULL,1),('HD2209220003',12,4,'2022-09-22 00:00:00',423240,NULL,0,1,'0395762314',NULL,0,0,NULL,0,NULL,0,NULL,'0','nđ - Xã Đức Long - Huyện Thạch An - Cao Bằng',NULL,1),('HD2209220004',3,4,'2022-09-22 00:00:00',423240,NULL,0,1,'0962652481',NULL,0,0,NULL,0,NULL,0,NULL,'0','abc - Xã Cai Bộ - Huyện Quảng Uyên - Cao Bằng',NULL,1),('HD2209220005',9,4,'2022-09-22 00:00:00',141130,NULL,0,1,'0235468615',NULL,0,0,NULL,0,NULL,0,NULL,'0','12 - Phường Bắc Cường - Thành phố Lào Cai - Lào Cai',NULL,1),('HD2209250001',NULL,4,'2022-09-25 00:00:00',141130,NULL,0,1,NULL,NULL,0,0,NULL,0,NULL,0,NULL,'0','',NULL,1),('HD2209250002',NULL,4,'2022-09-25 00:00:00',141130,NULL,0,1,NULL,NULL,0,0,NULL,0,NULL,0,NULL,'0','',NULL,1),('HD2209260001',NULL,4,'2022-09-26 00:00:00',141130,31501,0,1,NULL,NULL,0,0,NULL,0,NULL,0,NULL,'0','12-Xã Đào Thịnh-Huyện Trấn Yên-Yên Bái',NULL,1),('HD2209260002',4,4,'2022-09-26 00:00:00',141130,36500,0,1,'0316516511',NULL,0,0,NULL,0,NULL,0,NULL,'0','1-Xã Đồng Tân-Huyện Mai Châu-Hòa Bình',NULL,1),('HD2209260003',NULL,4,'2022-09-26 00:00:00',141130,NULL,0,1,NULL,NULL,0,0,NULL,0,NULL,0,NULL,'0','',NULL,1),('HD2209260004',NULL,4,'2022-09-26 00:00:00',141130,NULL,0,0,NULL,NULL,0,0,NULL,0,NULL,0,NULL,'0','',NULL,1),('HD2209260005',10,4,'2022-09-26 00:00:00',300000,NULL,0,0,'0123545862',NULL,0,0,NULL,0,NULL,0,NULL,'0','',NULL,1),('HD2209260006',11,4,'2022-09-26 00:00:00',300000,NULL,0,0,'0826763234',NULL,0,0,NULL,0,NULL,0,NULL,'0','',NULL,1),('HD2209260007',12,4,'2022-09-26 00:00:00',300000,NULL,0,0,'0395762314',NULL,0,0,NULL,0,NULL,0,NULL,'0','',NULL,1),('HD2209260008',NULL,4,'2022-09-26 00:00:00',300000,NULL,0,0,NULL,NULL,0,0,NULL,0,NULL,0,NULL,'0','',NULL,1),('HD2209270001',NULL,4,'2022-09-27 00:00:00',300000,NULL,0,0,NULL,NULL,0,0,NULL,0,NULL,0,NULL,'0','',NULL,1),('HD2209270002',NULL,4,'2022-09-27 00:00:00',300000,NULL,0,0,NULL,NULL,0,0,NULL,0,NULL,0,NULL,'0','',NULL,1),('HD2209270003',NULL,4,'2022-09-27 00:00:00',600000,NULL,0,0,NULL,NULL,0,0,NULL,0,NULL,0,NULL,'0','',NULL,4),('HD2209270004',NULL,4,'2022-09-27 00:00:00',NULL,41500,50,0,NULL,NULL,0,0,NULL,0,NULL,0,NULL,'0','undefined-Xã Yên Phú-Huyện Lạc Sơn-Hòa Bình',NULL,4),('HD2209270005',NULL,4,'2022-09-27 00:00:00',NULL,NULL,50,0,NULL,NULL,0,0,NULL,0,NULL,0,NULL,'0','',NULL,4),('HD2209270006',NULL,4,'2022-09-27 00:00:00',NULL,NULL,40,0,NULL,NULL,0,0,NULL,0,NULL,0,NULL,'0','',NULL,4),('HD2209270007',NULL,4,'2022-09-27 00:00:00',300000,0,50,0,NULL,NULL,0,0,NULL,0,NULL,0,NULL,'0','',NULL,1),('HD2209270008',NULL,4,'2022-09-27 00:00:00',222500,42500,40,0,NULL,NULL,0,0,NULL,0,NULL,0,NULL,'0','undefined-Xã Yên Phú-Huyện Lạc Sơn-Hòa Bình',NULL,4),('HD2209270009',NULL,4,'2022-09-27 00:00:00',186500,36500,50,0,NULL,NULL,0,0,NULL,0,NULL,0,NULL,'0','undefined-Xã Yên Phú-Huyện Lạc Sơn-Hòa Bình',NULL,4),('HD2209270010',NULL,4,'2022-09-27 00:00:00',186500,36500,50,0,NULL,NULL,0,0,NULL,0,NULL,0,NULL,'0','undefined-Xã Tiền Tiến-Huyện Phù Cừ-Hưng Yên',NULL,4),('HD2209270011',NULL,4,'2022-09-27 00:00:00',300000,0,0,0,NULL,NULL,0,0,NULL,0,NULL,0,NULL,'0','',NULL,4),('HD2209270012',NULL,2,'2022-09-27 00:00:00',186500,36500,50,0,NULL,NULL,0,0,NULL,0,NULL,0,NULL,'0','undefined-Thị Trấn Si Ma Cai-Huyện Si Ma Cai-Lào Cai',NULL,1),('HD2209270013',2,2,'2022-09-27 00:00:00',186500,36500,50,0,'0395962002',NULL,0,0,NULL,0,NULL,0,NULL,'0','undefined-Thị Trấn Si Ma Cai-Huyện Si Ma Cai-Lào Cai',NULL,1),('HD2209270014',NULL,2,'2022-09-27 00:00:00',600000,0,0,0,NULL,NULL,0,0,NULL,0,NULL,0,NULL,'0','',NULL,1),('HD2209270015',NULL,2,'2022-09-27 00:00:00',300000,0,50,0,NULL,NULL,0,0,NULL,0,NULL,0,NULL,'0','',NULL,1),('HD2209270016',2,4,'2022-09-27 00:00:00',336500,36500,50,0,'0395962002',NULL,0,0,NULL,0,NULL,0,NULL,'0','undefined-Xã Minh Hải-Huyện Văn Lâm-Hưng Yên',NULL,1),('HD2209270017',NULL,4,'2022-09-27 00:00:00',300000,0,0,0,'',NULL,0,0,NULL,0,NULL,0,NULL,'0','',NULL,4),('HD2209270018',NULL,4,'2022-09-27 00:00:00',300000,0,0,0,NULL,NULL,0,0,NULL,0,NULL,0,NULL,'0','',NULL,4),('HD2209270019',NULL,4,'2022-09-27 00:00:00',300000,0,0,0,NULL,NULL,0,0,NULL,0,NULL,0,NULL,'0','',NULL,1),('HD2209270020',NULL,4,'2022-09-27 00:00:00',300000,0,0,0,NULL,NULL,0,0,NULL,0,NULL,0,NULL,'0','',NULL,4),('HD2209270021',NULL,4,'2022-09-27 00:00:00',300000,0,0,0,NULL,NULL,0,0,NULL,0,NULL,0,NULL,'0','',NULL,1),('HD2209270022',NULL,4,'2022-09-27 00:00:00',300000,0,0,0,NULL,NULL,0,0,NULL,0,NULL,0,NULL,'0','',NULL,1),('HD2209270023',NULL,4,'2022-09-27 00:00:00',300000,0,0,0,NULL,NULL,0,0,NULL,0,NULL,0,NULL,'0','',NULL,1),('HD2209270024',NULL,4,'2022-09-27 00:00:00',300000,0,0,0,NULL,NULL,0,0,NULL,0,NULL,0,NULL,'0','',NULL,1),('HD2209270025',NULL,4,'2022-09-27 00:00:00',300000,0,0,0,NULL,NULL,0,0,NULL,0,NULL,0,NULL,'0','',NULL,1),('HD2209270026',NULL,4,'2022-09-27 00:00:00',300000,0,0,0,NULL,NULL,0,0,NULL,0,NULL,0,NULL,'0','',NULL,4),('HD2209270027',NULL,4,'2022-09-27 00:00:00',300000,0,0,0,NULL,NULL,0,0,NULL,0,NULL,0,NULL,'0','',NULL,1),('HD2209270028',NULL,4,'2022-09-27 00:00:00',300000,0,0,0,NULL,NULL,0,0,NULL,0,NULL,0,NULL,'0','',NULL,1),('HD2209270029',NULL,4,'2022-09-27 00:00:00',300000,0,0,0,NULL,NULL,0,0,NULL,0,NULL,0,NULL,'0','',NULL,1),('HD2209270030',NULL,4,'2022-09-27 00:00:00',300000,0,0,0,NULL,NULL,0,0,NULL,0,NULL,0,NULL,'0','',NULL,4),('HD2209270031',NULL,4,'2022-09-27 00:00:00',300000,0,0,0,NULL,NULL,0,0,NULL,0,NULL,0,NULL,'0','',NULL,1),('HD2209270032',NULL,4,'2022-09-27 00:00:00',300000,0,0,0,NULL,NULL,0,0,NULL,0,NULL,0,NULL,'0','',NULL,1),('HD2209270033',NULL,4,'2022-09-27 00:00:00',300000,0,0,0,NULL,NULL,0,0,NULL,0,NULL,0,NULL,'0','',NULL,1),('HD2209270034',NULL,4,'2022-09-27 00:00:00',300000,0,0,0,NULL,NULL,0,0,NULL,0,NULL,0,NULL,'0','',NULL,4),('HD2209270035',NULL,4,'2022-09-27 00:00:00',300000,0,0,0,NULL,NULL,0,0,NULL,0,NULL,0,NULL,'0','',NULL,1),('HD2209270036',NULL,4,'2022-09-27 00:00:00',300000,0,0,1,NULL,NULL,0,0,NULL,0,NULL,0,NULL,'0','',NULL,1),('HD2209270037',NULL,4,'2022-09-27 00:00:00',300000,0,0,1,NULL,NULL,0,0,NULL,0,NULL,0,NULL,'0','',NULL,4),('HD2209270038',NULL,4,'2022-09-27 00:00:00',300000,0,0,0,NULL,NULL,0,0,NULL,0,NULL,0,NULL,'0','',NULL,1),('HD2209270039',NULL,4,'2022-09-27 00:00:00',300000,0,0,0,NULL,NULL,0,0,NULL,0,NULL,0,NULL,'0','',NULL,1),('HD2209270040',NULL,4,'2022-09-27 00:00:00',300000,0,0,0,NULL,NULL,0,0,NULL,0,NULL,0,NULL,'0','',NULL,4),('HD2209270041',NULL,4,'2022-09-27 00:00:00',300000,0,0,0,NULL,NULL,0,0,NULL,0,NULL,0,NULL,'0','',NULL,1),('HD2209270042',NULL,4,'2022-09-27 00:00:00',300000,0,0,0,NULL,NULL,0,0,NULL,0,NULL,0,NULL,'0','',NULL,1),('HD2209270043',NULL,4,'2022-09-27 00:00:00',300000,0,0,0,NULL,NULL,0,0,NULL,0,NULL,0,NULL,'0','',NULL,1),('HD2209280001',NULL,4,'2022-09-28 00:00:00',300000,0,0,1,NULL,NULL,0,0,NULL,0,NULL,0,NULL,'0','',NULL,1),('HD2209280002',NULL,4,'2022-09-28 00:00:00',300000,0,0,1,NULL,NULL,0,0,NULL,0,NULL,0,NULL,'0','',NULL,4),('HD2209280003',NULL,4,'2022-09-28 00:00:00',300000,0,0,0,NULL,NULL,0,0,NULL,0,NULL,0,NULL,'0','',NULL,1),('HD2209280004',NULL,4,'2022-09-28 00:00:00',300000,0,0,0,NULL,NULL,0,0,NULL,0,NULL,0,NULL,'0','',NULL,1),('HD2209280005',NULL,4,'2022-09-28 00:00:00',300000,0,0,0,NULL,NULL,0,0,NULL,0,NULL,0,NULL,'0','',NULL,4),('HD2209280006',NULL,4,'2022-09-28 00:00:00',300000,0,0,0,NULL,NULL,0,0,NULL,0,NULL,0,NULL,'0','',NULL,4),('HD2209280007',NULL,4,'2022-09-28 00:00:00',300000,0,0,0,NULL,NULL,0,0,NULL,0,NULL,0,NULL,'0','',NULL,4),('HD2209280008',NULL,4,'2022-09-28 00:00:00',300000,0,0,0,NULL,NULL,0,0,NULL,0,NULL,0,NULL,'0','',NULL,4),('HD2209280009',NULL,4,'2022-09-28 00:00:00',300000,0,0,0,NULL,NULL,0,0,NULL,0,NULL,0,NULL,'0','',NULL,4),('HD2209280010',NULL,4,'2022-09-28 00:00:00',300000,0,0,0,NULL,NULL,0,0,NULL,0,NULL,0,NULL,'0','',NULL,4),('HD2209280011',NULL,4,'2022-09-28 00:00:00',300000,0,0,0,NULL,NULL,0,0,NULL,0,NULL,0,NULL,'0','',NULL,4),('HD2209280012',NULL,4,'2022-09-28 00:00:00',300000,0,0,0,NULL,NULL,0,0,NULL,0,NULL,0,NULL,'0','',NULL,1),('HD2209280013',NULL,4,'2022-09-28 00:00:00',300000,0,0,0,NULL,NULL,0,0,NULL,0,NULL,0,NULL,'0','',NULL,4),('HD2209280014',NULL,4,'2022-09-28 00:00:00',300000,0,0,0,NULL,NULL,0,0,NULL,0,NULL,0,NULL,'0','',NULL,1),('HD2209280015',NULL,4,'2021-09-28 00:00:00',300000,0,0,0,NULL,NULL,0,0,NULL,0,NULL,0,NULL,'0','',NULL,4),('HD2209280016',NULL,4,'2022-09-28 00:00:00',300000,0,0,0,NULL,NULL,0,0,NULL,0,NULL,0,NULL,'0','',NULL,1),('HD2209280017',NULL,4,'2022-09-28 00:00:00',300000,0,0,0,NULL,NULL,0,0,NULL,0,NULL,0,NULL,'0','',NULL,1),('HD2209280018',NULL,4,'2021-09-28 00:00:00',300000,0,0,1,NULL,NULL,0,0,NULL,0,NULL,0,NULL,'0','',NULL,4),('HD2209280019',NULL,4,'2022-09-28 00:00:00',300000,0,0,0,NULL,NULL,0,0,NULL,0,NULL,0,NULL,'0','',NULL,1),('HD2209280020',NULL,4,'2022-09-28 00:00:00',300000,0,0,0,NULL,NULL,0,0,NULL,0,NULL,0,NULL,'0','',NULL,1),('HD2209280021',NULL,4,'2022-09-28 00:00:00',300000,0,0,0,NULL,NULL,0,0,NULL,0,NULL,0,NULL,'0','',NULL,1),('HD2209280022',NULL,4,'2022-09-28 00:00:00',300000,0,0,0,NULL,NULL,0,0,NULL,0,NULL,0,NULL,'0','',NULL,1),('HD2209280023',NULL,4,'2022-09-28 00:00:00',300000,0,0,0,NULL,NULL,0,0,NULL,0,NULL,0,NULL,'0','',NULL,1),('HD2209280024',NULL,4,'2022-09-28 00:00:00',300000,0,0,0,NULL,NULL,0,0,NULL,0,NULL,0,NULL,'0','',NULL,1),('HD2209280025',NULL,4,'2022-09-28 00:00:00',300000,0,0,0,NULL,NULL,0,0,NULL,0,NULL,0,NULL,'0','',NULL,1),('HD2209290001',NULL,4,'2022-09-29 00:00:00',300000,0,0,0,NULL,NULL,0,0,NULL,0,NULL,0,NULL,'0','',NULL,1),('HD2209290002',NULL,4,'2022-09-29 00:00:00',300000,0,0,0,NULL,NULL,0,0,NULL,0,NULL,0,NULL,'0','',NULL,1),('HD2209290003',NULL,4,'2022-09-29 00:00:00',336500,36500,0,0,NULL,NULL,0,0,NULL,0,NULL,0,NULL,'0','undefined-Xã Tân Xuân-Huyện Vân Hồ-Sơn La',NULL,1),('HD2209290004',NULL,4,'2022-09-29 00:00:00',300000,0,0,0,NULL,NULL,0,0,NULL,0,NULL,0,NULL,'0','',NULL,1),('HD2209290005',NULL,4,'2022-09-29 00:00:00',300000,0,0,1,NULL,NULL,0,0,NULL,0,NULL,0,NULL,'0','',NULL,1),('HD2209290006',2,4,'2022-09-29 00:00:00',600000,0,0,1,'0395962002',NULL,0,0,NULL,0,NULL,0,NULL,'0','',NULL,1),('HD2209290007',8,4,'2022-09-29 00:00:00',300000,0,0,0,'01253654835',NULL,0,0,NULL,0,NULL,0,NULL,'0','',NULL,1),('HD2209290008',9,12,'2022-09-29 00:00:00',300000,36500,0,1,'0235468615',NULL,0,269,'Lào Cai',2264,'Huyện Si Ma Cai',0,'Thị Trấn Si Ma Cai','90816','',NULL,1),('HD2209290009',NULL,4,'2022-09-29 00:00:00',300000,0,0,0,NULL,NULL,0,0,NULL,0,NULL,0,NULL,'0','',NULL,1),('HD2209290010',NULL,4,'2022-09-29 00:00:00',300000,0,0,1,NULL,NULL,0,0,NULL,0,NULL,0,NULL,'0','',NULL,1),('HD2209290011',NULL,4,'2022-09-29 00:00:00',300000,0,0,1,NULL,NULL,0,0,NULL,0,NULL,0,NULL,'0','',NULL,1),('HD2209290012',NULL,4,'2022-09-29 00:00:00',300000,0,0,1,NULL,NULL,0,0,NULL,0,NULL,0,NULL,'0','',NULL,1),('HD2209290013',NULL,4,'2022-09-29 00:00:00',300000,0,0,1,NULL,NULL,0,0,NULL,0,NULL,0,NULL,'0','',NULL,1),('HD2209290014',NULL,4,'2022-09-29 00:00:00',300000,0,0,1,NULL,NULL,0,0,NULL,0,NULL,0,NULL,'0','',NULL,1),('HD2209300001',NULL,4,'2022-09-30 00:00:00',300000,0,0,1,NULL,NULL,1,0,NULL,0,NULL,0,NULL,'0','',NULL,2),('HD2209300002',NULL,4,'2022-09-30 00:00:00',300000,0,0,0,NULL,NULL,0,0,NULL,0,NULL,0,NULL,'0','',NULL,1),('HD2210010001',11,4,'2022-10-01 00:00:00',1531230,0,0,0,'0826763234',NULL,0,0,NULL,0,NULL,0,NULL,'0','',NULL,1),('HD2210020001',6,4,'2022-10-02 00:00:00',1576386,45156,0,0,'0236586865',NULL,0,0,NULL,0,NULL,0,NULL,'0','undefined-Xã Quyết Thắng-Huyện Lạc Sơn-Hòa Bình',NULL,1),('HD2210030001',2,4,'2022-10-03 00:00:00',165000,0,50,0,'0395962002',NULL,0,0,NULL,0,NULL,0,NULL,'0','',NULL,1),('HD2210040001',4,4,'2022-10-04 00:00:00',201500,36500,50,0,'0316516511',NULL,0,0,NULL,0,NULL,0,NULL,'0','undefined-Xã Yên Trị-Huyện Yên Thủy-Hòa Bình',NULL,1),('HD2210040002',11,4,'2022-10-04 00:00:00',903837,0,50,0,'0826763234',NULL,0,0,NULL,0,NULL,0,NULL,'0','Xã Lay Nưa - Thị xã Mường Lay - Điện Biên',NULL,1),('HD2210050001',NULL,4,'2022-10-05 00:00:00',330000,0,50,0,NULL,NULL,1,0,NULL,0,NULL,0,NULL,'0','',NULL,1),('HD2210050002',3,4,'2022-10-05 00:00:00',531500,36500,50,1,'0962652481',NULL,0,0,NULL,0,NULL,0,NULL,'0','Xã Mường Khoa - Huyện Bắc Yên - Sơn La',NULL,1),('HD2210050003',4,4,'2022-10-05 00:00:00',366500,36500,50,0,'0316516511',NULL,0,0,NULL,0,NULL,0,NULL,'0','Xã Tung Chung Phố - Huyện Mường Khương - Lào Cai',NULL,1),('HD2210050004',4,4,'2022-10-05 00:00:00',366500,36500,0,0,'0316516511',NULL,0,0,NULL,0,NULL,0,NULL,'0','Xã Phú Lão - Huyện Lạc Thủy - Hòa Bình',NULL,1),('HD2210050005',11,4,'2022-10-05 00:00:00',201500,36500,50,1,'0826763234',NULL,0,0,NULL,0,NULL,0,NULL,'0','Xã Minh Hải - Huyện Văn Lâm - Hưng Yên',NULL,1),('HD2210050006',NULL,4,'2022-10-05 00:00:00',330000,0,0,1,NULL,NULL,1,0,NULL,0,NULL,0,NULL,'0','',NULL,1),('HD2210060001',NULL,4,'2022-10-06 00:00:00',330000,0,0,1,NULL,NULL,1,0,NULL,0,NULL,0,NULL,'0','Sơn La',NULL,5),('HD2210060002',3,4,'2022-10-06 00:00:00',201500,36500,50,0,'0962652481',NULL,0,0,NULL,0,NULL,0,NULL,'0','Xã Thanh Nông - Huyện Lạc Thủy - Hòa Bình',NULL,1),('HD2210060003',4,4,'2022-10-06 00:00:00',201500,36500,50,0,'0316516511',NULL,0,0,NULL,0,NULL,0,NULL,'0','Xã Mường Sại - Huyện Quỳnh Nhai - Sơn La',NULL,1),('HD2210060004',12,4,'2022-10-06 00:00:00',531500,36500,50,0,'0395762314',NULL,0,0,NULL,0,NULL,0,NULL,'0','Xã Trung Hòa - Huyện Yên Mỹ - Hưng Yên',NULL,1),('HD2210060005',NULL,4,'2022-10-06 00:00:00',330000,0,0,1,NULL,NULL,1,0,NULL,0,NULL,0,NULL,'0','',NULL,1),('HD2210060006',NULL,4,'2022-10-06 00:00:00',330000,0,0,1,NULL,NULL,1,0,NULL,0,NULL,0,NULL,'0','',NULL,1),('HD2210060007',NULL,4,'2022-10-06 00:00:00',330000,0,0,1,NULL,NULL,1,0,NULL,0,NULL,0,NULL,'0','',NULL,1),('HD2210060008',NULL,4,'2022-10-06 00:00:00',330000,0,0,1,NULL,NULL,1,0,NULL,0,NULL,0,NULL,'0','',NULL,1),('HD2210060009',NULL,4,'2022-10-06 00:00:00',330000,0,0,1,NULL,NULL,1,0,NULL,0,NULL,0,NULL,'0','',NULL,1),('HD2210060010',NULL,4,'2022-10-06 00:00:00',330000,0,0,0,NULL,NULL,1,0,NULL,0,NULL,0,NULL,'0','',NULL,1),('HD2210060011',NULL,4,'2022-10-06 00:00:00',330000,0,0,1,NULL,NULL,1,0,NULL,0,NULL,0,NULL,'0','',NULL,1),('HD2210070001',4,4,'2022-10-07 00:00:00',198000,0,0,0,'0316516511',NULL,1,265,'Điện Biên',1923,'Huyện Điện Biên',0,'Xã Thanh Yên','620325','123',NULL,0),('HD2210070002',NULL,4,'2022-10-07 00:00:00',330000,0,0,0,NULL,NULL,1,0,NULL,0,NULL,0,NULL,'0','',NULL,4),('HD2210080001',NULL,2,'2022-10-08 00:00:00',1100000,0,0,0,NULL,NULL,1,0,NULL,0,NULL,0,NULL,'0','',NULL,4),('HD2210080002',10,4,'2022-10-08 00:00:00',660000,36500,40,0,'0123545862','abc',0,268,'Hưng Yên',2194,'Huyện Phù Cừ',0,'Xã Tam Đa','220711','12','2022-10-09',4),('HD2210080003',11,4,'2022-10-08 00:00:00',234500,36500,40,0,'0826763234','ãy',0,266,'Sơn La',2267,'Huyện Yên Châu',0,'Xã Tú Nang','0',NULL,NULL,4),('HD2210090001',6,2,'2022-10-09 00:00:00',234500,36500,40,1,'0236586865','abc',0,264,'Lai Châu',1989,'Huyện Phong Thổ',0,'Xã Vàng Ma Chải','0','abc',NULL,0),('HD2210090002',NULL,4,'2022-10-09 00:00:00',330000,0,0,0,NULL,NULL,1,0,NULL,0,NULL,0,NULL,'0',NULL,NULL,4),('HD2210090003',NULL,4,'2022-10-09 00:00:00',330000,0,0,0,NULL,NULL,1,0,NULL,0,NULL,0,NULL,'0','123',NULL,4),('HD2210100001',NULL,2,'2022-10-10 00:00:00',990000,0,0,0,NULL,NULL,1,0,NULL,0,NULL,0,NULL,'0',NULL,NULL,4),('HD2210100002',2,2,'2022-10-10 00:00:00',990000,0,0,0,'0395962002',NULL,1,0,NULL,0,NULL,0,NULL,'0',NULL,NULL,4),('HD2210100003',NULL,2,'2022-10-10 00:00:00',990000,0,0,0,NULL,NULL,1,0,NULL,0,NULL,0,NULL,'0',NULL,NULL,4),('HD2210100004',2,2,'2022-10-10 00:00:00',990000,0,0,0,'0395962002',NULL,1,0,NULL,0,NULL,0,NULL,'0',NULL,NULL,4),('HD2210100005',NULL,2,'2022-10-10 00:00:00',990000,0,0,0,NULL,NULL,1,0,NULL,0,NULL,0,NULL,'0',NULL,NULL,4),('HD2210100006',2,2,'2022-10-10 00:00:00',990000,0,0,0,'0395962002',NULL,1,0,NULL,0,NULL,0,NULL,'0',NULL,NULL,4),('HD2210100007',NULL,2,'2022-10-10 00:00:00',990000,0,0,0,NULL,NULL,1,0,NULL,0,NULL,0,NULL,'0',NULL,NULL,4),('HD2210100008',2,2,'2022-10-10 00:00:00',990000,0,0,0,'0395962002',NULL,1,0,NULL,0,NULL,0,NULL,'0',NULL,NULL,4),('HD2210100009',2,2,'2022-10-10 00:00:00',2178000,0,0,0,'0395962002',NULL,1,0,NULL,0,NULL,0,NULL,'0',NULL,NULL,4),('HD2210100010',2,2,'2022-10-10 00:00:00',1188000,0,0,0,'0395962002',NULL,1,0,NULL,0,NULL,0,NULL,'0',NULL,NULL,4),('HD2210100011',2,2,'2022-10-10 00:00:00',1029963,0,0,0,'0395962002',NULL,1,0,NULL,0,NULL,0,NULL,'0',NULL,NULL,4),('HD2210100012',2,2,'2022-10-10 00:00:00',3078669,0,0,0,'0395962002',NULL,1,0,NULL,0,NULL,0,NULL,'0',NULL,NULL,4),('HD2210100013',2,2,'2022-10-10 00:00:00',4858623,0,0,0,'0395962002',NULL,1,0,NULL,0,NULL,0,NULL,'0',NULL,NULL,4),('HD2210100014',NULL,2,'2022-10-10 00:00:00',783321,0,0,0,NULL,NULL,1,0,NULL,0,NULL,0,NULL,'0',NULL,NULL,4),('HD2210100015',NULL,2,'2022-10-10 00:00:00',2344353,0,0,0,NULL,NULL,1,0,NULL,0,NULL,0,NULL,'0',NULL,NULL,4),('HD2210100016',2,2,'2022-10-10 00:00:00',4723059,0,0,0,'0395962002',NULL,1,0,NULL,0,NULL,0,NULL,'0',NULL,NULL,4),('HD2210100017',2,2,'2022-10-10 00:00:00',330000,0,0,0,'0395962002',NULL,1,0,NULL,0,NULL,0,NULL,'0',NULL,NULL,4),('HD2210100018',2,2,'2022-10-10 00:00:00',990000,0,0,0,'0395962002',NULL,1,0,NULL,0,NULL,0,NULL,'0',NULL,NULL,4),('HD2210100019',2,2,'2022-10-10 00:00:00',3300000,0,0,0,'0395962002',NULL,1,0,NULL,0,NULL,0,NULL,'0',NULL,NULL,4),('HD2210100020',NULL,2,'2022-10-10 00:00:00',6600000,0,0,0,NULL,NULL,1,0,NULL,0,NULL,0,NULL,'0',NULL,NULL,4),('HD2210100021',2,2,'2022-10-10 00:00:00',330000,0,0,0,'0395962002',NULL,1,0,NULL,0,NULL,0,NULL,'0',NULL,NULL,4),('HD2210100022',4,4,'2022-10-10 00:00:00',165000,0,50,0,'0316516511','123a',1,268,'Hưng Yên',0,'',0,'','0','12',NULL,4),('HD2210110001',2,2,'2022-10-11 00:00:00',1650000,0,0,0,'0395962002',NULL,1,0,NULL,0,NULL,0,NULL,'0',NULL,NULL,4),('HD2210110002',NULL,2,'2022-10-11 00:00:00',1980000,0,0,0,NULL,NULL,1,0,NULL,0,NULL,0,NULL,'0',NULL,NULL,4),('HD2210110003',2,2,'2022-10-11 00:00:00',330000,0,0,0,'0395962002',NULL,1,0,NULL,0,NULL,0,NULL,'0',NULL,NULL,4),('HD2210110004',2,2,'2022-10-11 00:00:00',990000,0,0,0,'0395962002',NULL,1,0,NULL,0,NULL,0,NULL,'0',NULL,NULL,4),('HD2210110005',NULL,2,'2022-10-11 00:00:00',330000,0,0,0,NULL,NULL,1,0,NULL,0,NULL,0,NULL,'0',NULL,NULL,4),('HD2210110006',2,2,'2022-10-11 00:00:00',990000,0,0,0,'0395962002',NULL,1,0,NULL,0,NULL,0,NULL,'0',NULL,'2022-10-11',4),('HD2210110007',2,2,'2022-10-11 00:00:00',330000,0,0,0,'0395962002',NULL,1,0,NULL,0,NULL,0,NULL,'0',NULL,'2022-10-11',4),('HD2210110008',NULL,2,'2022-10-11 00:00:00',990000,0,0,0,NULL,NULL,1,0,NULL,0,NULL,0,NULL,'0',NULL,NULL,4),('HD2210110009',2,2,'2022-10-11 00:00:00',330000,0,0,0,'0395962002',NULL,1,0,NULL,0,NULL,0,NULL,'0',NULL,'2022-10-11',4),('HD2210110010',2,2,'2022-10-11 00:00:00',1320000,0,0,0,'0395962002',NULL,1,0,NULL,0,NULL,0,NULL,'0',NULL,'2022-10-11',4),('HD2210110011',2,2,'2022-10-11 00:00:00',3300000,0,0,0,'0395962002',NULL,1,0,NULL,0,NULL,0,NULL,'0',NULL,'2022-10-11',4),('HD2210130001',2,4,'2022-10-13 00:00:00',1320000,0,0,0,'0395962002',NULL,1,0,NULL,0,NULL,0,NULL,'0',NULL,'2022-10-13',4),('HD2210130002',3,4,'2022-10-13 00:00:00',0,0,0,0,'0962652481',NULL,1,0,NULL,0,NULL,0,NULL,'0',NULL,'2022-10-13',4),('HD2210130003',6,4,'2022-10-13 00:00:00',0,0,0,0,'0236586865',NULL,1,0,NULL,0,NULL,0,NULL,'0',NULL,'2022-10-13',4),('HD2210130004',10,4,'2022-10-13 00:00:00',330000,0,0,0,'0123545862',NULL,1,0,NULL,0,NULL,0,NULL,'0',NULL,'2022-10-13',3),('HD2210130005',NULL,4,'2022-10-13 00:00:00',0,0,0,0,NULL,NULL,1,0,NULL,0,NULL,0,NULL,'0',NULL,'2022-10-13',3),('HD2210130006',11,4,'2022-10-13 00:00:00',300000,0,0,0,'0826763234',NULL,1,0,NULL,0,NULL,0,NULL,'0',NULL,'2022-10-13',5),('HD2210130007',9,4,'2022-10-13 23:53:30',432000,0,0,0,'0235468615',NULL,1,0,NULL,0,NULL,0,NULL,'0',NULL,'2022-10-13',4),('HD2210140001',2,4,'2022-10-14 03:09:32',2225390,47390,0,0,'0395962002',NULL,0,268,'Hưng Yên',2194,'Huyện Phù Cừ',0,'Xã Tống Phan','220713','12','2022-10-14',5),('HD2210150001',NULL,4,'2022-10-15 23:38:49',880000,0,0,0,NULL,NULL,1,0,NULL,0,NULL,0,NULL,'0',NULL,'2022-10-15',4),('HD2210150002',NULL,4,'2022-10-15 23:39:19',880000,0,0,0,NULL,NULL,0,0,NULL,0,NULL,0,NULL,'0',NULL,NULL,0),('HD2210160001',10,4,'2022-10-16 00:26:01',1760000,0,0,0,'0123545862',NULL,1,0,NULL,0,NULL,0,NULL,'0',NULL,'2022-10-16',4),('HD2210160002',NULL,4,'2022-10-16 00:26:27',2640000,0,0,0,NULL,NULL,1,0,NULL,0,NULL,0,NULL,'0',NULL,NULL,5),('HD2210180001',7,4,'2022-10-18 16:47:46',990000,0,0,0,'0123456789',NULL,1,0,NULL,0,NULL,0,NULL,'0',NULL,'2022-10-18',4),('HD2210220001',2,2,'2022-10-22 19:58:11',1760000,0,0,0,'0395962002',NULL,1,0,NULL,0,NULL,0,NULL,'0',NULL,'2022-10-22',4),('HD2210220002',2,2,'2022-10-22 19:58:41',2156000,0,0,0,'0395962002',NULL,1,0,NULL,0,NULL,0,NULL,'0',NULL,'2022-10-22',4),('HD2210220003',2,2,'2022-10-22 20:20:34',1522270,48270,0,0,'0395962002',NULL,0,269,'Lào Cai',2264,'Huyện Si Ma Cai',0,'Xã Sín Chéng','80212',NULL,'2022-10-22',4),('HD2210220004',NULL,2,'2022-10-22 21:13:00',NULL,0,0,0,NULL,NULL,1,0,NULL,0,NULL,0,NULL,'0',NULL,NULL,4),('HD2210220005',NULL,2,'2022-10-22 21:25:36',1375000,0,0,0,NULL,NULL,1,0,NULL,0,NULL,0,NULL,'0',NULL,'2022-10-22',4),('HD2210230001',NULL,2,'2022-10-23 22:14:42',1100000,0,0,0,NULL,NULL,1,0,NULL,0,NULL,0,NULL,'0',NULL,'2022-10-23',4),('HD2210230002',NULL,2,'2022-10-23 22:16:09',1320000,0,0,0,NULL,NULL,1,0,NULL,0,NULL,0,NULL,'0',NULL,'2022-10-23',4),('HD2210230003',NULL,4,'2022-10-23 22:28:39',1320000,0,0,0,NULL,NULL,1,0,NULL,0,NULL,0,NULL,'0',NULL,'2022-10-23',4),('HD2210230004',NULL,4,'2022-10-23 22:29:07',1320000,0,0,0,NULL,NULL,1,0,NULL,0,NULL,0,NULL,'0',NULL,'2022-10-23',4),('HD2210230005',NULL,4,'2022-10-23 22:36:00',1320000,0,0,0,NULL,NULL,1,0,NULL,0,NULL,0,NULL,'0',NULL,'2022-10-23',4),('HD2210250001',3,NULL,NULL,NULL,0,0,0,'0962652481','a',1,268,'Hưng Yên',2194,'Huyện Phù Cừ',0,'Xã Tống Phan','220713','1',NULL,4),('HD2210260001',24,12,'2022-10-26 01:23:05',103506,0,0,0,'0912345678',NULL,1,267,'Hòa Bình',2146,'Huyện Kim Bôi',0,'Xã Mi Hòa','230817',NULL,NULL,4),('HD2210260002',4,NULL,'2022-10-26 01:53:37',2183495,103495,0,0,'0316516511',NULL,0,250,'Hậu Giang',2096,'Huyện Châu Thành',0,'Xã Đông Phước','64054',NULL,NULL,0),('HD2210260003',4,NULL,'2022-10-26 02:09:45',1369999,49999,0,0,'0316516511',NULL,0,260,'Phú Yên',1993,'Huyện Phú Hòa',0,'Xã Hòa Định Đông','390803',NULL,NULL,0),('HD2210260004',4,4,'2022-10-26 02:09:55',1363100,43100,0,0,'0316516511',NULL,0,268,'Hưng Yên',2046,'Huyện Văn Lâm',0,'Xã Trưng Trắc','220910',NULL,NULL,0),('HD2210260005',4,NULL,'2022-10-26 02:13:39',709999,49999,0,0,'0316516511',NULL,0,253,'Bạc Liêu',2050,'Huyện Vĩnh Lợi',0,'Xã Hưng Thành','600205',NULL,NULL,0),('HD2210260006',4,NULL,'2022-10-26 03:03:04',301697,81697,0,0,'0316516511',NULL,0,252,'Cà Mau',1901,'Huyện Cái Nước',0,'Xã Hoà Mỹ','610504','12',NULL,0),('HD2210280001',NULL,11,'2022-10-28 00:16:31',2674353,0,0,0,'',NULL,1,0,NULL,0,NULL,0,NULL,'0',NULL,NULL,4),('HD2210290001',2,NULL,'2022-10-29 18:08:25',1368003,68003,0,0,'0395962002',NULL,0,269,'Lào Cai',2264,'Huyện Si Ma Cai',0,'Thị Trấn Si Ma Cai','90816',NULL,NULL,0),('HD2210290002',2,NULL,'2022-10-29 18:25:47',4024702,64702,0,0,'0395962002',NULL,0,269,'Lào Cai',2264,'Huyện Si Ma Cai',0,'Thị Trấn Si Ma Cai','90816',NULL,NULL,0),('HD2210290003',2,4,'2022-10-29 18:34:45',3706302,107302,0,0,'0395962002',NULL,0,269,'Lào Cai',2264,'Huyện Si Ma Cai',0,'Thị Trấn Si Ma Cai','90816',NULL,NULL,4),('HD2210290004',2,2,'2022-10-29 21:17:24',2704702,49700,0,0,'0395962002',NULL,0,269,'Lào Cai',2264,'Huyện Si Ma Cai',0,'Thị Trấn Si Ma Cai','90816',NULL,NULL,5),('HD2210290005',2,NULL,'2022-10-29 22:49:50',3849146,114793,0,0,'0395962002',NULL,0,252,'Cà Mau',2186,'Huyện Ngọc Hiển',0,'Xã Viên An Đông','610707','12abc',NULL,1),('HD2211010001',4,4,'2022-11-01 01:15:14',0,0,0,0,'0316516511',NULL,1,267,'Hòa Bình',2157,'Huyện Lạc Thủy',0,'Xã Yên Bồng','230915','12','2022-11-01',4),('HD2211010002',4,4,'2022-11-01 01:15:54',1650000,0,0,0,'0316516511',NULL,1,265,'Điện Biên',2170,'Huyện Mường Ảng',0,'Xã Mường Lạn','620907','z','2022-11-01',4),('HD2211010003',4,NULL,'2022-11-01 21:44:01',1320000,0,0,0,'0316516511',NULL,0,0,NULL,0,NULL,0,NULL,NULL,NULL,NULL,1),('HD2211010004',4,NULL,'2022-11-01 22:05:25',1920802,60802,0,0,'0329499342',NULL,0,264,'Lai Châu',1989,'Huyện Phong Thổ',0,'Xã Huổi Luông','70305','13',NULL,5),('HD2211020001',4,NULL,'2022-11-02 02:30:51',1415124,60771,0,0,'0316516511',NULL,0,250,'Hậu Giang',2096,'Huyện Châu Thành',0,'Xã Đông Phước A','64055','13',NULL,1),('HD2211030001',4,NULL,'2022-11-03 00:26:27',753995,93995,0,1,'0316516511',NULL,0,207,'Gia Lai',2119,'Huyện Đắk Pơ',0,'Xã Phú An','381505','12','2022-11-18',4),('HD2211030002',4,12,'2022-11-03 00:29:24',249000,29000,0,1,'0316516511',NULL,0,201,'Hà Nội',1808,'Huyện Thạch Thất',0,'Xã Phùng Xá','1B1917','12',NULL,2),('HD2211030003',4,12,'2022-11-03 00:36:07',249000,29000,0,1,'0316516511',NULL,0,201,'Hà Nội',1808,'Huyện Thạch Thất',0,'Xã Phùng Xá','1B1917','12',NULL,2),('HD2211040001',4,4,'2022-11-04 00:31:06',1252550,42550,0,0,'0316516511',NULL,0,269,'Lào Cai',1892,'Huyện Bắc Hà',0,'Xã Nậm Mòn','80817',NULL,'2022-11-04',4),('HD2211040002',10,4,'2022-11-04 00:32:13',1260050,50050,0,0,'0123545862',NULL,0,250,'Hậu Giang',2096,'Huyện Châu Thành',0,'Xã Phú An','64057',NULL,'2022-11-04',4),('HD2211040003',NULL,4,'2022-11-04 00:36:28',220000,0,0,0,'',NULL,1,0,NULL,0,NULL,0,NULL,NULL,NULL,'2022-11-04',4),('HD2211040004',22,4,'2022-11-04 09:36:23',220000,0,0,0,'0368689239',NULL,1,263,'Yên Bái',1967,'Huyện Lục Yên',0,'Xã Trúc Lâu','130921',NULL,'2022-11-05',4),('HD2211040005',12,4,'2022-11-04 09:37:34',440000,0,0,0,'0395762314',NULL,1,263,'Yên Bái',1967,'Huyện Lục Yên',0,'Xã Trúc Lâu','130921',NULL,'2022-11-05',4),('HD2211040006',22,12,'2022-11-04 09:43:00',1210000,0,0,0,'0368689239',NULL,1,263,'Yên Bái',1967,'Huyện Lục Yên',0,'Xã Trúc Lâu','130921',NULL,'2022-11-04',4),('HD2211040007',3,12,'2022-11-04 09:43:45',1210000,0,0,0,'0962652481',NULL,1,248,'Bắc Giang',1760,'Huyện Lạng Giang',0,'Xã Mỹ Hà','180809',NULL,'2022-11-04',4),('HD2211040008',3,12,'2022-11-04 09:48:21',1210000,0,0,0,'0962652481',NULL,1,247,'Lạng Sơn',2036,'Huyện Tràng Định',0,'Xã Đoàn Kết','100209',NULL,'2022-11-04',4),('HD2211040009',22,12,'2022-11-04 10:01:39',1210000,0,0,0,'0368689239',NULL,1,248,'Bắc Giang',1966,'Huyện Lục Ngạn',0,'Xã Mỹ An','180313',NULL,'2022-11-04',4),('HD2211050001',3,22,'2022-11-05 00:24:42',1210000,0,0,0,'0962652481',NULL,1,247,'Lạng Sơn',1904,'Huyện Cao Lộc',0,'Xã Cao Lâu','100705',NULL,'2022-11-05',4),('HD2211050002',3,12,'2022-11-05 00:27:36',1210000,0,0,0,'0962652481',NULL,1,264,'Lai Châu',2025,'Huyện Than Uyên',0,'Xã Hua Nà','70602',NULL,'2022-11-05',4),('HD2211050003',2,12,'2022-11-05 00:28:28',1210000,0,0,0,'0395962002',NULL,1,266,'Sơn La',3230,'Huyện Mường La',0,'Xã Chiềng Ân','140302',NULL,'2022-11-05',4),('HD2211050004',2,2,'2022-11-05 07:32:29',220000,0,0,1,'0395962002',NULL,1,0,NULL,0,NULL,0,NULL,NULL,NULL,'2022-11-05',4),('HD2211050005',3,12,'2022-11-05 10:50:26',1252550,42550,0,0,'0962652481',NULL,0,244,'Thái Nguyên',2195,'Huyện Phú Lương',0,'Thị trấn Đu','120401',NULL,'2022-11-05',4),('HD2211050006',3,12,'2022-11-05 10:54:36',405501,31501,0,0,'0962652481',NULL,0,246,'Cao Bằng',1641,'Thành phố Cao Bằng',0,'Phường Đề Thám','60101',NULL,'2022-11-05',4),('HD2211050007',3,12,'2022-11-05 11:09:45',1247551,37551,0,0,'0962652481',NULL,0,247,'Lạng Sơn',1642,'Thành phố Lạng Sơn',0,'Phường Hoàng Văn Thụ','100103',NULL,'2022-11-05',4),('HD2211050008',23,12,'2022-11-05 15:39:11',3630000,0,0,1,'0368689238',NULL,1,269,'Lào Cai',2264,'Huyện Si Ma Cai',0,'Xã Lùng Thẩn','800248','yb1',NULL,6),('HD2211050009',3,12,'2022-11-05 15:42:38',1252550,42550,0,1,'0962652481',NULL,0,246,'Cao Bằng',1890,'Huyện Bảo Lâm',0,'Thị trấn Pác Miầu','61201','abc',NULL,5),('HD2211050010',3,12,'2022-08-05 16:02:23',1250050,40050,0,0,'0962652481',NULL,0,253,'Bạc Liêu',2050,'Huyện Vĩnh Lợi',0,'Xã Châu Hưng A','600202','yb','2022-11-05',4),('HD2211050011',3,12,'2022-08-05 16:05:12',NULL,0,0,0,'0962652481',NULL,1,247,'Lạng Sơn',1642,'Thành phố Lạng Sơn',0,'Xã Hoàng Đồng','100106','uuuu',NULL,4),('HD2211050012',3,11,'2022-11-05 16:10:45',1252550,0,0,0,'0962652481',NULL,0,244,'Thái Nguyên',2051,'Huyện Võ Nhai',0,'Thị trấn Đình Cả','120501','bàdjsifbhesj',NULL,4),('HD2211050013',3,12,'2022-11-05 18:06:27',1363100,43100,0,0,'0962652481',NULL,0,268,'Hưng Yên',1825,'Huyện Ân Thi',0,'Xã Bắc Sơn','220302','fsdfs',NULL,6),('HD2211050014',3,12,'2022-11-05 18:11:17',1320000,0,0,0,'0962652481',NULL,1,259,'Kon Tum',1921,'Huyện Đắk Glei',0,'Xã Đắk Choong','360202','cdsfdsfds','2022-11-05',4),('HD2211050015',3,12,'2022-11-05 18:11:47',1320000,0,0,0,'0962652481','grgrgrgr',1,247,'Lạng Sơn',1948,'Huyện Hữu Lũng',0,'Xã Hòa Lạc','101108','dèestwretre','2022-11-05',4),('HD2211050016',3,12,'2022-11-05 18:12:58',220000,0,0,0,'0962652481',NULL,1,248,'Bắc Giang',1764,'Huyện Yên Dũng',0,'Xã Lão Hộ','181009','dsfwfew','2022-11-05',4),('HD2211050017',3,12,'2022-11-05 18:13:26',330000,0,0,0,'0962652481','dsadsadsa',1,268,'Hưng Yên',2194,'Huyện Phù Cừ',0,'Thị trấn Trần Cao','220701',NULL,'2022-11-05',4),('HD2211050018',12,NULL,'2022-11-05 18:48:19',6105944,220944,0,0,'0395762314',NULL,0,263,'Yên Bái',1967,'Huyện Lục Yên',0,'Xã Trúc Lâu','130921','Trúc Lâu - Lục Yên - Yên Bái',NULL,4),('HD2211050019',12,NULL,'2022-11-05 18:58:37',52501,41501,0,0,'0395762314',NULL,0,231,'Nam Định',1841,'Huyện Ý Yên',0,'Xã Yên Phúc','250522','cdw',NULL,4),('HD2211050020',3,12,'2022-11-05 22:20:10',440000,0,0,0,'0962652481',NULL,1,269,'Lào Cai',2264,'Huyện Si Ma Cai',0,'Thị Trấn Si Ma Cai','90816',NULL,'2022-11-05',4),('HD2211060001',10,4,'2022-11-06 00:23:56',1320000,0,0,0,'0123545862',NULL,1,258,'Bình Thuận',2012,'Huyện Tánh Linh',0,'Xã Gia An','470808',NULL,'2022-11-06',4),('HD2211070001',3,12,'2022-11-07 06:18:05',11000,0,0,1,'0962652481',NULL,1,269,'Lào Cai',2264,'Huyện Si Ma Cai',0,'Thị Trấn Si Ma Cai','90816',NULL,'2022-11-07',4),('HD2211070002',23,12,'2022-11-07 09:42:21',42501,31501,0,0,'0368689238',NULL,0,248,'Bắc Giang',1965,'Huyện Lục Nam',0,'Xã Nghĩa Phương','180517','iiii','2022-11-07',4),('HD2211070003',12,NULL,'2022-11-07 13:52:29',591501,41501,0,0,'0395762314',NULL,0,269,'Lào Cai',2264,'Huyện Si Ma Cai',0,'Thị Trấn Si Ma Cai','90816','ewewv',NULL,1),('HD2211070004',4,4,'2022-11-07 23:22:35',3190000,0,0,0,'0316516511',NULL,1,253,'Bạc Liêu',1998,'Huyện Phước Long',0,'Xã Vĩnh Phú Tây','600507','12','2022-11-07',4),('HD2211080001',6,4,'2022-11-08 00:57:25',1650000,0,0,0,'0236586865',NULL,1,252,'Cà Mau',1901,'Huyện Cái Nước',0,'Xã Lương Thế Trân','610506',NULL,'2022-11-08',4),('HD2211080002',10,4,'2022-11-08 01:07:47',1320000,0,0,0,'0123545862',NULL,1,252,'Cà Mau',1883,'Huyện Phú Tân',0,'Xã Phú Mỹ','61092',NULL,'2022-11-08',4),('HD2211080003',9,4,'2022-11-08 01:08:34',1650000,0,0,0,'0235468615',NULL,1,247,'Lạng Sơn',1963,'Huyện Lộc Bình',0,'Xã Nhượng Bạn','100817',NULL,'2022-11-08',4),('HD2211080004',6,4,'2022-11-08 01:09:03',2970000,0,0,0,'0236586865',NULL,1,247,'Lạng Sơn',1904,'Huyện Cao Lộc',0,'Xã Hải Yến','100708','12','2022-11-08',4),('HD2211090001',4,2,'2022-11-09 20:31:40',1182095,49000,0,0,'0316516511',NULL,0,216,'Đồng Tháp',3155,'Huyện Châu Thành',0,'Xã Phú Hựu','50117','12','2022-11-09',4),('HD2211090002',4,2,'2022-11-09 21:16:23',1320000,0,0,0,'0316516511',NULL,1,246,'Cao Bằng',1890,'Huyện Bảo Lâm',0,'Xã Lý Bôn','61203',NULL,'2022-11-09',4),('HD2211100001',6,4,'2022-11-10 00:28:19',1320000,0,0,0,'0236586865',NULL,1,0,NULL,0,NULL,0,NULL,NULL,NULL,'2022-11-10',4),('HD2211100002',NULL,4,'2022-11-10 00:28:35',1320000,0,0,0,NULL,NULL,1,0,NULL,0,NULL,0,NULL,NULL,NULL,'2022-11-10',4),('HD2211100003',6,4,'2022-11-10 00:29:06',1320000,0,0,0,'0236586865',NULL,1,0,NULL,0,NULL,0,NULL,NULL,NULL,'2022-11-10',4),('HD2211100004',2,2,'2022-11-10 02:48:34',6635600,59000,0,0,'0395962002',NULL,0,201,'Hà Nội',1582,'Huyện Đông Anh',0,'Xã Đại Mạch','1A1304','123',NULL,1),('HD2211110001',NULL,12,'2022-11-11 10:54:03',440000,0,0,0,NULL,NULL,1,0,NULL,0,NULL,0,NULL,NULL,NULL,'2022-11-11',4),('HD2211110002',NULL,12,'2022-11-11 10:55:40',220000,0,0,0,NULL,NULL,1,0,NULL,0,NULL,0,NULL,NULL,NULL,'2022-11-11',4),('HD2211110003',NULL,12,'2022-11-11 13:15:01',2640000,0,0,0,NULL,NULL,1,0,NULL,0,NULL,0,NULL,NULL,NULL,'2022-11-11',4),('HD2211110004',NULL,12,'2022-11-11 13:46:12',440000,0,0,0,'dferg',NULL,1,0,NULL,0,NULL,0,NULL,NULL,NULL,'2022-11-11',4),('HD2211110005',4,12,'2022-11-11 16:49:40',2640000,0,0,0,'0316516511',NULL,1,269,'Lào Cai',2264,'Huyện Si Ma Cai',0,'',NULL,NULL,'2022-11-11',4),('HD2211110006',2,12,'2022-11-11 17:40:51',-22000,0,0,0,'0395962002',NULL,1,250,'Hậu Giang',3445,'Huyện Long Mỹ',0,'Xã Xà Phiên','640308',NULL,'2022-11-11',4),('HD2211110007',3,12,'2022-11-11 17:42:37',2689700,49700,0,0,'0962652481',NULL,0,269,'Lào Cai',2264,'Huyện Si Ma Cai',0,'Xã Thào Chư Phìn','80213',NULL,'2022-11-11',4),('HD2211110008',2,11,'2022-11-11 17:59:17',1363100,43100,0,0,'0395962002',NULL,0,269,'Lào Cai',2264,'Huyện Si Ma Cai',0,'Thị Trấn Si Ma Cai','90816',NULL,NULL,4),('HD2211120001',24,12,'2022-11-12 00:41:22',1392626,38273,0,0,'0912345678',NULL,0,248,'Bắc Giang',1965,'Huyện Lục Nam',0,'Xã Cương Sơn','180509',NULL,'2022-11-12',4),('HD2211120002',2,12,'2022-11-12 20:04:43',540000,0,0,0,'0395962002',NULL,1,0,NULL,0,NULL,0,NULL,NULL,NULL,'2022-11-12',4),('HD2211120003',24,11,'2022-11-12 20:14:57',311500,36500,0,0,'0912345678',NULL,0,269,'Lào Cai',2264,'Huyện Si Ma Cai',0,'Thị Trấn Si Ma Cai','90816','Ma Cai','2022-11-12',4),('HD2211120004',24,11,'2022-11-12 20:16:16',861500,47225,0,0,'0912345678',NULL,0,267,'Hòa Bình',2270,'Huyện Yên Thủy',0,'Xã Phú Lai','231011','Phú Lai','2022-11-12',4),('HD2211120005',11,11,'2022-11-12 20:17:20',586500,36500,0,0,'0826763234',NULL,0,265,'Điện Biên',2060,'Thị xã Mường Lay',0,'Phường Sông Đà','620202','l','2022-11-12',4),('HD2211120006',24,11,'2022-11-12 20:21:36',1395125,40772,0,0,'0912345678',NULL,0,261,'Ninh Thuận',1986,'Huyện Ninh Phước',0,'Xã Phước Thuận','450408',NULL,'2022-11-12',4),('HD2211130001',NULL,11,'2022-11-13 22:49:27',465564,0,0,0,'12345678901234567889',NULL,1,0,NULL,0,NULL,0,NULL,NULL,NULL,'2022-11-13',4),('HD2211130002',NULL,11,'2022-11-13 22:51:51',330000,0,0,0,'65',NULL,1,0,NULL,0,NULL,0,NULL,NULL,NULL,'2022-11-13',4),('HD2211130003',NULL,11,'2022-11-13 22:52:23',155243,0,0,0,'0826763234',NULL,1,0,NULL,0,NULL,0,NULL,NULL,NULL,'2022-11-13',4),('HD2211130004',NULL,11,'2022-11-13 22:55:31',660000,0,0,0,'@#$%^&*',NULL,1,0,NULL,0,NULL,0,NULL,NULL,NULL,'2022-11-13',4),('HD2211130005',24,11,'2022-11-13 23:05:48',251501,31501,0,0,'0912345678',NULL,0,249,'Bắc Ninh',1728,'Huyện Quế Võ',0,'Xã Đào Viên','190308','atrdfugscsjdlllllllllllly ctiy8nuyhfyuegfyufyuhgbyugyurgyugyugyufgyugufbdhjfbehgyegfyuefhbigiyguihdjoiwud0jioznxjzncjbfhidgrfyuieghcjn cnjzxbcsdbfsdjfskjcnmznisfhkskxfhiusdhfsdhfjzmxkshdkshkjciasdhshxzxhchfiuhkshkjshfkshfkshdfkjsjfshfjsdbfdsbnxbvxbhsdhfss','2022-11-13',4),('HD2211130006',12,NULL,'2022-11-13 23:10:56',316501,41501,0,0,'0395762314',NULL,0,267,'Hòa Bình',2270,'Huyện Yên Thủy',0,'Xã Yên Trị','231013','abc',NULL,2),('HD2211140001',12,NULL,'2022-11-14 08:53:42',52501,41501,0,0,'0395762314',NULL,0,267,'Hòa Bình',2270,'Huyện Yên Thủy',0,'Xã Yên Trị','231013','abc',NULL,1),('HD2211140002',2,NULL,'2022-11-14 14:28:12',304000,29000,0,0,'0395962002',NULL,0,201,'Hà Nội',1582,'Huyện Đông Anh',0,'Xã Đại Mạch','1A1304','123',NULL,1),('HD2211140003',12,NULL,'2022-11-14 22:01:26',316501,36500,0,0,'0395762314',NULL,0,267,'Hòa Bình',2270,'Huyện Yên Thủy',0,'Xã Yên Trị','231013','abc',NULL,5),('HD2211140004',24,11,'2022-11-14 23:06:10',330000,0,0,0,'123456788765235465ew',NULL,1,0,NULL,0,NULL,0,NULL,NULL,NULL,'2022-11-14',4),('HD2211140005',11,NULL,'2022-11-14 23:25:36',2139751,49751,0,0,'0826763234',NULL,0,267,'Hòa Bình',2163,'Huyện Mai Châu',0,'Xã Nà Phòn','230311','Nà Phòn',NULL,1),('HD2211150001',11,11,'2022-11-15 00:32:58',1423376,43375,0,0,'0826763234',NULL,0,267,'Hòa Bình',2163,'Huyện Mai Châu',0,'Xã Nà Phòn','230311','Nà Phòn',NULL,2),('HD2211150002',11,11,'2022-11-15 00:34:16',1689603,69603,0,0,'0826763234',NULL,0,267,'Hòa Bình',2163,'Huyện Mai Châu',0,'Xã Nà Phòn','230311','Nà Phòn',NULL,2),('HD2211160001',NULL,2,'2022-11-16 20:24:44',264000,0,0,0,NULL,NULL,1,0,NULL,0,NULL,0,NULL,NULL,NULL,'2022-11-16',4),('HD2211160002',NULL,2,'2022-11-16 20:24:59',132000,0,0,0,NULL,NULL,1,0,NULL,0,NULL,0,NULL,NULL,NULL,'2022-11-16',4),('HD2211160003',NULL,11,'2022-11-16 20:26:54',2613600,0,0,0,NULL,NULL,1,0,NULL,0,NULL,0,NULL,NULL,NULL,'2022-11-16',4),('HD2211160004',24,11,'2022-11-16 20:27:30',1306800,0,0,0,'0912345678',NULL,1,0,NULL,0,NULL,0,NULL,NULL,NULL,'2022-11-16',4),('HD2211160005',NULL,11,'2022-11-16 20:33:13',1306800,0,0,0,NULL,NULL,1,0,NULL,0,NULL,0,NULL,NULL,NULL,'2022-11-16',4),('HD2211160006',NULL,11,'2022-11-16 20:34:02',132000,0,0,0,NULL,NULL,1,0,NULL,0,NULL,0,NULL,NULL,NULL,'2022-11-16',4),('HD2211160007',NULL,2,'2022-11-16 20:34:22',132000,0,0,0,NULL,NULL,1,0,NULL,0,NULL,0,NULL,NULL,NULL,'2022-11-16',4),('HD2211160008',NULL,2,'2022-11-16 20:34:43',11,0,0,0,NULL,NULL,1,0,NULL,0,NULL,0,NULL,NULL,NULL,'2022-11-16',4),('HD2211160009',NULL,4,'2022-11-16 21:08:48',1306800,0,0,0,NULL,NULL,1,0,NULL,0,NULL,0,NULL,NULL,NULL,'2022-11-16',4),('HD2211160010',NULL,4,'2022-11-16 21:10:30',1306800,0,0,0,NULL,NULL,1,0,NULL,0,NULL,0,NULL,NULL,NULL,'2022-11-16',4),('HD2211160011',NULL,4,'2022-11-16 21:11:22',1306800,0,0,0,NULL,NULL,1,0,NULL,0,NULL,0,NULL,NULL,NULL,'2022-11-16',4),('HD2211160012',NULL,4,'2022-11-16 21:24:16',1306800,0,0,0,NULL,NULL,1,0,NULL,0,NULL,0,NULL,NULL,NULL,'2022-11-16',4),('HD2211160013',NULL,4,'2022-11-16 21:35:08',1306800,0,0,0,NULL,NULL,1,0,NULL,0,NULL,0,NULL,NULL,NULL,'2022-11-16',4),('HD2211160014',NULL,4,'2022-11-16 21:36:49',1306800,0,0,0,NULL,NULL,1,0,NULL,0,NULL,0,NULL,NULL,NULL,'2022-11-16',4),('HD2211160015',NULL,4,'2022-11-16 21:39:35',1306800,0,0,0,NULL,NULL,1,0,NULL,0,NULL,0,NULL,NULL,NULL,'2022-11-16',4),('HD2211160016',NULL,4,'2022-11-16 21:42:14',1306800,0,0,0,NULL,NULL,1,0,NULL,0,NULL,0,NULL,NULL,NULL,'2022-11-16',4),('HD2211160017',NULL,4,'2022-11-16 21:42:30',1306800,0,0,0,NULL,NULL,1,0,NULL,0,NULL,0,NULL,NULL,NULL,'2022-11-16',4),('HD2211160018',NULL,4,'2022-11-16 21:45:47',1306800,0,0,0,NULL,NULL,1,0,NULL,0,NULL,0,NULL,NULL,NULL,'2022-11-16',4),('HD2211160019',NULL,4,'2022-11-16 21:47:46',1306800,0,0,0,NULL,NULL,1,0,NULL,0,NULL,0,NULL,NULL,NULL,'2022-11-16',4),('HD2211160020',NULL,4,'2022-11-16 21:48:34',1306800,0,0,0,NULL,NULL,1,0,NULL,0,NULL,0,NULL,NULL,NULL,'2022-11-16',4),('HD2211160021',NULL,4,'2022-11-16 21:51:46',1306800,0,0,0,NULL,NULL,1,0,NULL,0,NULL,0,NULL,NULL,NULL,'2022-11-16',4),('HD2211160022',NULL,4,'2022-11-16 21:53:30',1306800,0,0,0,NULL,NULL,1,0,NULL,0,NULL,0,NULL,NULL,NULL,'2022-11-16',4),('HD2211160023',NULL,4,'2022-11-16 21:53:45',1306800,0,0,0,NULL,NULL,1,0,NULL,0,NULL,0,NULL,NULL,NULL,'2022-11-16',4),('HD2211160024',NULL,4,'2022-11-16 21:54:44',1306800,0,0,0,NULL,NULL,1,0,NULL,0,NULL,0,NULL,NULL,NULL,'2022-11-16',4),('HD2211160025',NULL,4,'2022-11-16 21:55:00',1306800,0,0,0,NULL,NULL,1,0,NULL,0,NULL,0,NULL,NULL,NULL,'2022-11-16',4),('HD2211160026',NULL,4,'2022-11-16 21:55:35',1306800,0,0,0,NULL,NULL,1,0,NULL,0,NULL,0,NULL,NULL,NULL,'2022-11-16',4),('HD2211160027',NULL,4,'2022-11-16 21:56:14',0,0,0,0,NULL,NULL,1,0,NULL,0,NULL,0,NULL,NULL,NULL,'2022-11-16',4),('HD2211160028',NULL,4,'2022-11-16 21:56:46',0,0,0,0,NULL,NULL,1,0,NULL,0,NULL,0,NULL,NULL,NULL,'2022-11-16',4),('HD2211160029',6,4,'2022-11-16 23:05:06',341000,0,0,0,'0236586865',NULL,1,0,NULL,0,NULL,0,NULL,NULL,NULL,'2022-11-16',4),('HD2211160030',9,4,'2022-11-16 23:07:57',341000,0,0,1,'0235468615',NULL,1,0,NULL,0,NULL,0,NULL,NULL,NULL,'2022-11-16',4),('HD2211160031',4,2,'2022-11-16 23:13:58',1294824,29824,0,0,'0316516511',NULL,0,201,'Hà Nội',1808,'Huyện Thạch Thất',0,'Xã Phùng Xá','1B1917','12','2022-11-16',4),('HD2211170001',11,NULL,'2022-11-17 00:00:05',591501,41501,0,0,'0826763234',NULL,0,267,'Hòa Bình',2163,'Huyện Mai Châu',0,'Xã Nà Phòn','230311','Nà Phòn',NULL,5),('HD2211170002',11,4,'2022-11-17 00:00:17',5975792,130733,0,0,'0826763234','tg',0,269,'Lào Cai',2264,'Huyện Si Ma Cai',0,'Xã Lùng Thẩn','800248','12',NULL,1),('HD2211180001',NULL,2,'2022-11-18 22:05:56',22000,0,0,0,NULL,NULL,1,0,NULL,0,NULL,0,NULL,NULL,NULL,'2022-11-18',4),('HD2211190001',2,4,'2022-11-19 02:26:48',4265360,0,0,0,'0395962002',NULL,1,0,NULL,0,NULL,0,NULL,NULL,NULL,'2022-11-19',4),('HD2211190002',2,2,'2022-11-19 02:54:22',1584000,0,0,0,'0395962002',NULL,1,0,NULL,0,NULL,0,NULL,NULL,NULL,'2022-11-19',4),('HD2211190003',2,NULL,'2022-11-19 17:36:46',5129974,41374,0,0,'0395962002',NULL,0,201,'Hà Nội',1582,'Huyện Đông Anh',0,'Xã Đại Mạch','1A1304','123','2022-11-19',4),('HD2211190004',4,4,'2022-11-19 21:38:49',2254120,0,0,0,'0316516511',NULL,1,253,'Bạc Liêu',1998,'Huyện Phước Long',0,'Xã Phước Long','600505','12','2022-11-19',4),('HD2211200001',4,4,'2022-11-20 00:27:15',0,0,0,0,'0316516511',NULL,1,0,NULL,0,NULL,0,NULL,NULL,NULL,'2022-11-20',4),('HD2211200002',4,4,'2022-11-20 00:57:39',1594120,0,0,0,'0316516511',NULL,1,0,NULL,0,NULL,0,NULL,NULL,NULL,'2022-11-20',4),('HD2211220001',NULL,4,'2022-11-22 00:05:15',1354353,0,0,1,NULL,NULL,1,0,NULL,0,NULL,0,NULL,NULL,NULL,'2022-11-22',4),('HD2211220002',11,NULL,'2022-11-22 17:11:28',421501,36501,0,0,'0826763234',NULL,0,234,'Thanh Hóa',3298,'Huyện Thiệu Hóa',0,'Xã Thiệu Trung','281725','Thiệu Trung','2022-11-22',4),('HD2211220003',4,2,'2022-11-22 22:09:12',4035618,113618,0,1,'0316516511',NULL,0,201,'Hà Nội',1808,'Huyện Thạch Thất',0,'Xã Phùng Xá','1B1917','8',NULL,5),('HD2211230001',9,4,'2022-11-23 00:22:34',3390717,0,0,0,'0235468615',NULL,1,0,NULL,0,NULL,0,NULL,NULL,NULL,'2022-11-23',4),('HD2211230002',8,4,'2022-11-23 01:29:31',4404070,0,0,0,'01253654835',NULL,1,0,NULL,0,NULL,0,NULL,NULL,NULL,'2022-11-23',4),('HD2211230003',8,4,'2022-11-23 01:31:13',2751056,0,0,0,'01253654835',NULL,1,0,NULL,0,NULL,0,NULL,NULL,NULL,'2022-11-23',4),('HD2211230004',6,4,'2022-11-23 01:46:01',341000,0,0,0,'0985996232',NULL,1,0,NULL,0,NULL,0,NULL,NULL,NULL,'2022-11-23',4),('HD2211230005',63,4,'2022-11-23 01:47:17',682000,0,0,0,'....1......',NULL,1,0,NULL,0,NULL,0,NULL,NULL,NULL,'2022-11-23',4),('HD2211230006',8,4,'2022-11-23 01:50:36',3731706,0,0,0,'01253654835',NULL,1,0,NULL,0,NULL,0,NULL,NULL,NULL,'2022-11-23',4),('HD2211230007',9,4,'2022-11-23 01:51:07',2011128,0,0,0,'0235468615',NULL,1,0,NULL,0,NULL,0,NULL,NULL,NULL,'2022-11-23',4),('HD2211230008',NULL,4,'2022-11-23 01:51:28',1272128,0,0,0,NULL,NULL,1,0,NULL,0,NULL,0,NULL,NULL,NULL,'2022-11-23',4),('HD2211230009',NULL,4,'2022-11-23 01:51:43',2708717,0,0,0,NULL,NULL,1,0,NULL,0,NULL,0,NULL,NULL,NULL,'2022-11-23',4),('HD2211230010',24,11,'2022-11-23 14:02:57',1402626,48273,0,0,'0912345678',NULL,0,269,'Lào Cai',2264,'Huyện Si Ma Cai',0,'Thị Trấn Si Ma Cai','90816',NULL,'2022-11-23',4),('HD2211230011',24,11,'2022-11-23 14:04:26',1755332,59979,0,0,'0912345678','..',0,247,'Lạng Sơn',3134,'Huyện Bắc Sơn',0,'Xã Vũ Sơn','100520',NULL,'2022-11-23',4),('HD2211230012',NULL,11,'2022-11-23 14:04:45',341000,0,0,0,NULL,NULL,1,0,NULL,0,NULL,0,NULL,NULL,NULL,'2022-11-23',4),('HD2211240001',24,11,'2022-11-24 01:38:25',363000,0,0,0,'0912345678',NULL,1,201,'Hà Nội',3440,'Quận Nam Từ Liêm',0,'Phường Xuân Phương','13010',NULL,'2022-11-24',4),('HD2211240002',24,11,'2022-11-24 01:43:41',907001,26001,0,0,'0912345678',NULL,0,201,'Hà Nội',3440,'Quận Nam Từ Liêm',0,'Phường Xuân Phương','13010',NULL,'2022-11-24',4),('HD2211240003',4,4,'2022-11-24 01:50:58',341000,0,0,0,'0316516511',NULL,1,0,NULL,0,NULL,0,NULL,NULL,NULL,'2022-11-24',4),('HD2211250001',11,NULL,'2022-11-25 17:00:14',1126500,26500,0,0,'0826763234',NULL,0,201,'Hà Nội',3440,'Quận Nam Từ Liêm',0,'Phường Xuân Phương','13010','TVB',NULL,1),('HD2211250002',11,NULL,'2022-11-25 17:00:59',1126500,26500,0,0,'0826763234',NULL,0,201,'Hà Nội',3440,'Quận Nam Từ Liêm',0,'Phường Xuân Phương','13010','TVB',NULL,1),('HD2211250003',74,11,'2022-11-25 17:01:21',1100000,0,0,0,'',NULL,1,201,'Hà Nội',3440,'Quận Nam Từ Liêm2',0,'Phường Xuân Phương2','13010','TVB2',NULL,1),('HD2211260001',NULL,4,'2022-11-26 19:57:48',341000,0,0,0,NULL,NULL,1,0,NULL,0,NULL,0,NULL,NULL,NULL,'2022-11-26',4),('HD2211260002',NULL,11,'2022-11-26 20:19:04',540000,0,0,0,NULL,NULL,1,0,NULL,0,NULL,0,NULL,NULL,NULL,'2022-11-26',4),('HD2211260003',NULL,11,'2022-11-26 20:44:43',550000,0,0,0,'q',NULL,1,0,NULL,0,NULL,0,NULL,NULL,NULL,'2022-11-26',4),('HD2211260004',24,11,'2022-11-26 20:45:22',275000,0,0,0,'sfvfhvjbdvjs',NULL,0,247,'Lạng Sơn',3311,'Huyện Văn Quan',0,'Xã Lương Năng','100609',NULL,'2022-11-26',4),('HD2211260005',NULL,11,'2022-11-26 20:52:28',550000,0,0,0,'12345678901234567890',NULL,1,0,NULL,0,NULL,0,NULL,NULL,NULL,'2022-11-26',4),('HD2211260006',24,11,'2022-11-26 21:05:39',495000,0,0,0,'0912345678','Nhập nội dung văn bản vào khung bên dưới để bắt đầuNhập nội dung văn bản vào khung bên dưới để bắt đ',0,201,'Hà Nội',3440,'Quận Nam Từ Liêm',0,'Phường Xuân Phương','13010',NULL,'2022-11-26',4),('HD2211260007',NULL,11,'2022-11-26 21:17:19',550000,0,0,0,'-1245678912',NULL,1,0,NULL,0,NULL,0,NULL,NULL,NULL,'2022-11-26',4),('HD2211260008',24,11,'2022-11-26 21:25:39',330000,0,0,0,'0912,3456780',NULL,1,268,'Hưng Yên',2194,'Huyện Phù Cừ',0,'Xã Tống Trân','220714',NULL,'2022-11-26',4),('HD2211260009',NULL,11,'2022-11-26 21:28:48',11000,0,0,0,'@',NULL,1,0,NULL,0,NULL,0,NULL,NULL,NULL,'2022-11-26',4),('HD2211260010',NULL,11,'2022-11-26 21:37:38',11,0,0,0,'11 22',NULL,1,0,NULL,0,NULL,0,NULL,NULL,NULL,'2022-11-26',4),('HD2211260011',24,11,'2022-11-26 21:42:57',1402626,48273,0,0,'',NULL,0,269,'Lào Cai',2264,'Huyện Si Ma Cai',0,'Thị Trấn Si Ma Cai','90816',NULL,'2022-11-26',4);
/*!40000 ALTER TABLE `bills` ENABLE KEYS */;
UNLOCK TABLES;

--
-- Table structure for table `cart_details`
--

DROP TABLE IF EXISTS `cart_details`;
/*!40101 SET @saved_cs_client     = @@character_set_client */;
/*!50503 SET character_set_client = utf8mb4 */;
CREATE TABLE `cart_details` (
  `cart_detail_id` varchar(255) CHARACTER SET utf8mb3 COLLATE utf8mb3_unicode_ci NOT NULL,
  `cart_id` int NOT NULL,
  `variant_id` bigint NOT NULL,
  `quantity` int NOT NULL DEFAULT '0',
  `created_date` datetime DEFAULT NULL,
  PRIMARY KEY (`cart_detail_id`),
  KEY `cart_id_idx` (`cart_id`),
  KEY `variant_id_idx` (`variant_id`),
  CONSTRAINT `cart_id` FOREIGN KEY (`cart_id`) REFERENCES `carts` (`cart_id`),
  CONSTRAINT `variant_id` FOREIGN KEY (`variant_id`) REFERENCES `product_variants` (`variant_id`)
) ENGINE=InnoDB DEFAULT CHARSET=utf8mb3 COLLATE=utf8mb3_unicode_ci;
/*!40101 SET character_set_client = @saved_cs_client */;

--
-- Dumping data for table `cart_details`
--

LOCK TABLES `cart_details` WRITE;
/*!40000 ALTER TABLE `cart_details` DISABLE KEYS */;
INSERT INTO `cart_details` VALUES ('8a8a80858453adc5018455745bca0002',26,80,1,'2022-11-08 11:16:40'),('8a8a80858453adc50184562e88f30003',26,87,2,'2022-11-08 14:40:01'),('8a8a80858453adc501845684a6ad0010',26,79,1,'2022-11-08 16:14:05'),('8a8a80858453adc50184568519b90011',26,92,3,'2022-11-08 16:14:34'),('8a8a808584713d5f018471c1de330014',26,93,1,'2022-11-13 23:10:42'),('8a8a808584a578310184a57a3ca60000',23,86,1,'2022-11-24 00:12:42'),('8a8a808584a582f90184a58c40720000',23,95,3,'2022-11-24 00:32:23'),('8a8a808584aec42a0184aeefd7320000',29,145,2,'2022-11-25 20:17:45'),('8a8a808584aec42a0184aef634800001',29,143,1,'2022-11-25 20:24:42');
/*!40000 ALTER TABLE `cart_details` ENABLE KEYS */;
UNLOCK TABLES;

--
-- Table structure for table `carts`
--

DROP TABLE IF EXISTS `carts`;
/*!40101 SET @saved_cs_client     = @@character_set_client */;
/*!50503 SET character_set_client = utf8mb4 */;
CREATE TABLE `carts` (
  `cart_id` int NOT NULL AUTO_INCREMENT,
  `user_id` int NOT NULL,
  `status` int NOT NULL DEFAULT '0',
  PRIMARY KEY (`cart_id`),
  KEY `userindex_idx` (`user_id`),
  CONSTRAINT `userindex` FOREIGN KEY (`user_id`) REFERENCES `users` (`user_id`)
) ENGINE=InnoDB AUTO_INCREMENT=30 DEFAULT CHARSET=utf8mb3 COLLATE=utf8mb3_unicode_ci;
/*!40101 SET character_set_client = @saved_cs_client */;

--
-- Dumping data for table `carts`
--

LOCK TABLES `carts` WRITE;
/*!40000 ALTER TABLE `carts` DISABLE KEYS */;
INSERT INTO `carts` VALUES (12,3,0),(19,3,1),(20,3,1),(21,3,1),(22,11,1),(23,2,0),(24,4,0),(25,4,0),(26,12,0),(27,12,0),(28,3,0),(29,23,0);
/*!40000 ALTER TABLE `carts` ENABLE KEYS */;
UNLOCK TABLES;

--
-- Table structure for table `history`
--

DROP TABLE IF EXISTS `history`;
/*!40101 SET @saved_cs_client     = @@character_set_client */;
/*!50503 SET character_set_client = utf8mb4 */;
CREATE TABLE `history` (
  `history_id` varchar(50) COLLATE utf8mb3_unicode_ci NOT NULL,
  `setting_id` int NOT NULL,
  `created_date` datetime NOT NULL,
  `description` varchar(1000) CHARACTER SET utf8mb3 COLLATE utf8mb3_general_ci NOT NULL,
  PRIMARY KEY (`history_id`)
) ENGINE=InnoDB DEFAULT CHARSET=utf8mb3 COLLATE=utf8mb3_unicode_ci;
/*!40101 SET character_set_client = @saved_cs_client */;

--
-- Dumping data for table `history`
--

LOCK TABLES `history` WRITE;
/*!40000 ALTER TABLE `history` DISABLE KEYS */;
INSERT INTO `history` VALUES ('402880eb846e31b401846e32bd050000',1,'2022-11-13 06:35:30','Cập nhật số điện thoại từ 0395962002 -> 0395.96.2002'),('402880eb846e39b401846e3e84200000',1,'2022-11-13 06:48:22','Cập nhật số điện thoại từ 0395.96.2002 -> 113'),('402880eb846e39b401846e3f77100001',1,'2022-11-13 06:49:24','Cập nhật số điện thoại từ 113 -> 0395.96.2002'),('402880eb846e39b401846e4142f90002',1,'2022-11-13 06:51:22','Cập nhật số điện thoại từ 0395.96.2002 -> 84395962002'),('402880eb846e42d101846e4324360000',1,'2022-11-13 06:53:25','Cập nhật số điện thoại từ 84395962002 -> 0395.96.2002'),('402880eb846e74e401846e76c88b0000',1,'2022-11-13 07:49:49','Cập nhật ngân hàng từ MBBank -> Techcombank '),('402880eb846e797c01846e7a75200000',1,'2022-11-13 07:53:50','Cập nhật chủ tài khoản từ BUI QUANG HIEU -> BÙI QUANG HIẾU Cập nhật ngân hàng từ Techcombank -> MBBank Cập nhật số tài khoản từ 19034033608015 -> 83838383456789 '),('402880eb84712bf3018471348feb0000',1,'2022-11-13 20:36:21','Cập nhật email từ horsesoftware002@gmail.com -> bui.quang.hieu2910@gmail.com'),('402880eb84712bf30184713718170001',1,'2022-11-13 20:39:07','Cập nhật email từ bui.quang.hieu2910@gmail.com -> horsesoftware002@gmail.com'),('402880eb847f871a01847f878cfb0000',1,'2022-11-16 15:21:40','Cập nhật Địa chỉ chi tiết từ: Yên Hà1 -> Yên Hà'),('402880eb847f871a01847f8a25320001',1,'2022-11-16 15:24:31','Cập nhật Thành phố/Tỉnh từ: Hà Nội -> Kiên GiangCập nhật Quận/Huyện từ: Huyện Đông Anh -> Huyện An MinhCập nhật Phường/Xã từ: Xã Hải Bối -> Xã Vân Khánh Tây'),('402880eb847f8e3301847f8f98d30000',1,'2022-11-16 15:30:28','Cập nhật Thành phố/Tỉnh từ: Kiên Giang -> Hà Nội Cập nhật Quận/Huyện từ: Huyện An Minh -> Huyện Đông Anh Cập nhật Phường/Xã từ: Xã Vân Khánh Tây -> Xã Hải Bối '),('8a8a80858480181d0184804227960000',1,'2022-11-16 18:45:30','Cập nhật Địa chỉ chi tiết từ: Yên Hà -> Yên Hà1'),('8a8a80858480181d0184804239c20001',1,'2022-11-16 18:45:35','Cập nhật Địa chỉ chi tiết từ: Yên Hà1 -> Yên Hà'),('8a8a8085849b316001849b45e43a0000',1,'2022-11-22 00:39:20','Cập nhật Quận/Huyện từ: Huyện Đông Anh -> Huyện Thạch Thất Cập nhật Phường/Xã từ: Xã Hải Bối -> Xã Phùng Xá '),('8a8a8085849b316001849b52301d0001',1,'2022-11-22 00:52:46','Cập nhật Quận/Huyện từ: Huyện Thạch Thất -> Huyện Đông Anh Cập nhật Phường/Xã từ: Xã Phùng Xá -> Xã Hải Bối ');
/*!40000 ALTER TABLE `history` ENABLE KEYS */;
UNLOCK TABLES;

--
-- Table structure for table `images`
--

DROP TABLE IF EXISTS `images`;
/*!40101 SET @saved_cs_client     = @@character_set_client */;
/*!50503 SET character_set_client = utf8mb4 */;
CREATE TABLE `images` (
  `images_id` int NOT NULL AUTO_INCREMENT,
  `product_variant_id` bigint NOT NULL,
  `image_path` varchar(255) NOT NULL,
  `status` int NOT NULL DEFAULT '1',
  PRIMARY KEY (`images_id`),
  KEY `product_variant_id_idx` (`product_variant_id`),
  CONSTRAINT `product_variant_id` FOREIGN KEY (`product_variant_id`) REFERENCES `product_variants` (`variant_id`)
) ENGINE=InnoDB AUTO_INCREMENT=69 DEFAULT CHARSET=utf8mb4 COLLATE=utf8mb4_0900_ai_ci;
/*!40101 SET character_set_client = @saved_cs_client */;

--
-- Dumping data for table `images`
--

LOCK TABLES `images` WRITE;
/*!40000 ALTER TABLE `images` DISABLE KEYS */;
INSERT INTO `images` VALUES (18,72,'4cfb8cad.jpg',1),(21,85,'82611fc.jpg',1),(22,85,'56bf2bc.jpg',1),(23,85,'de8ffbf2.jpg',1),(24,85,'332aee2d.jpg',1),(25,86,'4cfb8cad.jpg',1),(26,86,'1b8293a1.jpg',1),(27,87,'f4ced8cf.jpg',1),(28,87,'24743e32.jpg',1),(29,88,'964a36fa.jpg',1),(30,88,'6da71f54.jpg',1),(31,88,'26bad46e.jpg',1),(32,88,'f8abe8e5.jpg',1),(35,73,'ed79348c.jpg',1),(36,73,'e7d6389e.jpg',1),(37,73,'e516af42.jpg',1),(40,72,'58800180.jpg',1),(41,72,'82611fc.jpg',1),(42,74,'82611fc.jpg',1),(43,79,'e7d6389e.jpg',1),(44,72,'1b8293a1.jpg',1),(45,72,'e7d6389e.jpg',1),(46,90,'f88b1274.jpg',1),(47,95,'56bf2bc.jpg',0),(48,95,'e7d6389e.jpg',0),(49,95,'e7d6389e.jpg',1),(56,126,'e7d6389e.jpg',0),(57,127,'e7d6389e.jpg',0),(58,128,'aa979a3a.jpg',0),(59,129,'e516af42.jpg',0),(60,77,'1b8293a1.jpg',1),(61,77,'1b8293a1.jpg',1),(62,77,'1b8293a1.jpg',1),(63,80,'d2e50d77.jpg',1),(64,143,'6cda6ee6.jpg',1),(65,143,'8d297b0d.jpg',1),(66,143,'24743e32.jpg',1),(67,145,'4ac25b17.jpg',1),(68,145,'24743e32.jpg',1);
/*!40000 ALTER TABLE `images` ENABLE KEYS */;
UNLOCK TABLES;

--
-- Table structure for table `option_values`
--

DROP TABLE IF EXISTS `option_values`;
/*!40101 SET @saved_cs_client     = @@character_set_client */;
/*!50503 SET character_set_client = utf8mb4 */;
CREATE TABLE `option_values` (
  `Value_id` int NOT NULL AUTO_INCREMENT,
  `Option_id` int NOT NULL,
  `Value_name` varchar(100) CHARACTER SET utf8mb4 COLLATE utf8mb4_0900_ai_ci NOT NULL,
  `Status` int NOT NULL DEFAULT '1',
  `is_show` int DEFAULT '1',
  PRIMARY KEY (`Value_id`),
  KEY `option_option_id_idx` (`Option_id`),
  CONSTRAINT `option_option_id` FOREIGN KEY (`Option_id`) REFERENCES `options` (`Option_id`)
) ENGINE=InnoDB AUTO_INCREMENT=286 DEFAULT CHARSET=utf8mb3 COLLATE=utf8mb3_unicode_ci;
/*!40101 SET character_set_client = @saved_cs_client */;

--
-- Dumping data for table `option_values`
--

LOCK TABLES `option_values` WRITE;
/*!40000 ALTER TABLE `option_values` DISABLE KEYS */;
INSERT INTO `option_values` VALUES (11,6,'ĐỎ',1,1),(14,7,'36',1,1),(15,7,'41',1,1),(21,9,'Vải',1,1),(25,12,'40',1,1),(30,16,'CAO CỔ',1,1),(31,16,'Thấp cổ',0,1),(38,9,'CAOSU',1,1),(40,7,'44',1,1),(42,7,'37',1,1),(43,14,'NGUYỄN HOÀNG TIẾN',1,1),(47,15,'VIỆT NAM',1,1),(48,21,'2000',1,0),(52,7,'42',1,1),(67,6,'VÀNG',1,1),(68,6,'XANH',1,1),(70,6,'BẠC',1,1),(74,15,'THÁI LAN',1,1),(282,6,'GHI',1,1),(283,12,'35',1,1);
/*!40000 ALTER TABLE `option_values` ENABLE KEYS */;
UNLOCK TABLES;

--
-- Table structure for table `options`
--

DROP TABLE IF EXISTS `options`;
/*!40101 SET @saved_cs_client     = @@character_set_client */;
/*!50503 SET character_set_client = utf8mb4 */;
CREATE TABLE `options` (
  `Option_id` int NOT NULL AUTO_INCREMENT,
  `Option_name` varchar(100) NOT NULL,
  `Status` int NOT NULL DEFAULT '1',
  `is_show` int DEFAULT '1',
  PRIMARY KEY (`Option_id`)
) ENGINE=InnoDB AUTO_INCREMENT=45 DEFAULT CHARSET=utf8mb4 COLLATE=utf8mb4_0900_ai_ci;
/*!40101 SET character_set_client = @saved_cs_client */;

--
-- Dumping data for table `options`
--

LOCK TABLES `options` WRITE;
/*!40000 ALTER TABLE `options` DISABLE KEYS */;
INSERT INTO `options` VALUES (6,'MÀU SẮC',1,0),(7,'SIZ',1,1),(9,'CHẤT LIỆU',1,1),(10,'RED55',1,1),(12,'SIZE',1,1),(14,'TIENNH21$',1,1),(15,'BRAND',1,1),(16,'HÌNH DÁNG',1,1),(21,'CÂN NẶNG',1,0),(42,'KÍCH CỠ',1,1),(43,'KÍCH CỠ 1',1,1);
/*!40000 ALTER TABLE `options` ENABLE KEYS */;
UNLOCK TABLES;

--
-- Table structure for table `product_options`
--

DROP TABLE IF EXISTS `product_options`;
/*!40101 SET @saved_cs_client     = @@character_set_client */;
/*!50503 SET character_set_client = utf8mb4 */;
CREATE TABLE `product_options` (
  `Product_id` int NOT NULL,
  `Option_id` int NOT NULL,
  `Status` int NOT NULL DEFAULT '1',
  PRIMARY KEY (`Product_id`,`Option_id`),
  KEY `option_id_idx` (`Option_id`),
  CONSTRAINT `option_id` FOREIGN KEY (`Option_id`) REFERENCES `options` (`Option_id`),
  CONSTRAINT `product_id` FOREIGN KEY (`Product_id`) REFERENCES `products` (`Product_id`)
) ENGINE=InnoDB DEFAULT CHARSET=utf8mb3 COLLATE=utf8mb3_unicode_ci;
/*!40101 SET character_set_client = @saved_cs_client */;

--
-- Dumping data for table `product_options`
--

LOCK TABLES `product_options` WRITE;
/*!40000 ALTER TABLE `product_options` DISABLE KEYS */;
INSERT INTO `product_options` VALUES (4,7,1),(4,9,1),(4,10,1),(4,12,1),(4,15,1),(4,21,1),(6,7,1),(6,15,1),(6,21,1),(7,6,1),(45,6,1),(45,7,1),(45,9,1),(45,12,1),(45,14,1),(45,16,1),(45,21,1),(52,6,1),(52,12,1),(61,12,1),(62,6,1),(62,7,1),(62,9,1),(63,6,1),(63,7,1),(63,9,1),(64,9,1),(64,12,1);
/*!40000 ALTER TABLE `product_options` ENABLE KEYS */;
UNLOCK TABLES;

--
-- Table structure for table `product_sales`
--

DROP TABLE IF EXISTS `product_sales`;
/*!40101 SET @saved_cs_client     = @@character_set_client */;
/*!50503 SET character_set_client = utf8mb4 */;
CREATE TABLE `product_sales` (
  `product_sale_id` varchar(50) CHARACTER SET utf8mb3 COLLATE utf8mb3_unicode_ci NOT NULL,
  `sale_id` varchar(50) CHARACTER SET utf8mb3 COLLATE utf8mb3_unicode_ci NOT NULL,
  `variant_id` bigint NOT NULL,
  `status` int DEFAULT '1',
  PRIMARY KEY (`product_sale_id`),
  KEY `FK_product_variant` (`variant_id`),
  KEY `FK_sale` (`sale_id`),
  CONSTRAINT `FK_product_variant` FOREIGN KEY (`variant_id`) REFERENCES `product_variants` (`variant_id`),
  CONSTRAINT `FK_sale` FOREIGN KEY (`sale_id`) REFERENCES `sales` (`sale_id`)
) ENGINE=InnoDB DEFAULT CHARSET=utf8mb3 COLLATE=utf8mb3_unicode_ci;
/*!40101 SET character_set_client = @saved_cs_client */;

--
-- Dumping data for table `product_sales`
--

LOCK TABLES `product_sales` WRITE;
/*!40000 ALTER TABLE `product_sales` DISABLE KEYS */;
INSERT INTO `product_sales` VALUES ('4028b88183d4258d0183d4282f4f0001','4028b88183d4258d0183d4282ef10000',72,1),('4028b88183d447af0183d44a27700000','4028b88183d4258d0183d4282ef10000',74,1),('4028b88183d461a30183d463b5750001','4028b88183d461a30183d463b5190000',72,1),('4028b88183d461a30183d463b5770002','4028b88183d461a30183d463b5190000',73,1),('8a8a808583fbcfc20183ff3f962d0001','8a8a808583fbcfc20183ff3f96230000',85,1),('8a8a808583fbcfc20183ff3f962e0002','8a8a808583fbcfc20183ff3f96230000',86,1),('8a8a808583fbcfc20183ffdd8500000e','8a8a808583fbcfc20183ffdd8500000d',76,1),('8a8a80858457cf2f0184581effc90002','8a8a80858457cf2f0184581effc60001',80,1),('8a8a80858466d694018466e1d23d0005','8a8a80858466d694018466e1d23c0003',80,1),('8a8a80858466d694018466e245250006','8a8a80858466d694018466e1d23c0003',72,1),('8a8a80858466d694018466e51f190008','8a8a80858466d694018466e51f190007',85,1),('8a8a80858466d694018467608e420009','8a8a80858466d694018466e1d23c0003',73,1),('8a8a808584815ad101848645869e0008','8a8a808584815ad10184864586860007',85,1),('8a8a808584815ad101848645869e0009','8a8a808584815ad10184864586860007',86,1),('8a8a808584815ad101848645869f000a','8a8a808584815ad10184864586860007',80,1),('8a8a8085849b831201849e7870ba0000','8a8a80858466d694018466e1d23c0003',95,1),('8a8a808584a0a06f0184a2c362e50013','8a8a808584a0a06f0184a2c362a10011',77,1);
/*!40000 ALTER TABLE `product_sales` ENABLE KEYS */;
UNLOCK TABLES;

--
-- Table structure for table `product_variants`
--

DROP TABLE IF EXISTS `product_variants`;
/*!40101 SET @saved_cs_client     = @@character_set_client */;
/*!50503 SET character_set_client = utf8mb4 */;
CREATE TABLE `product_variants` (
  `variant_id` bigint NOT NULL AUTO_INCREMENT,
  `SKU_ID` varchar(255) CHARACTER SET utf8mb3 COLLATE utf8mb3_unicode_ci NOT NULL,
  `product_id` int NOT NULL,
  `quantity` int NOT NULL DEFAULT '0',
  `quantity_error` int DEFAULT '0',
  `tax` decimal(10,0) DEFAULT '0',
  `import_price` decimal(10,0) DEFAULT NULL,
  `price` decimal(10,0) NOT NULL DEFAULT '0',
  `is_sale` int DEFAULT '0',
  `status` int NOT NULL DEFAULT '1',
  `user_create` int NOT NULL,
  `user_edit` int NOT NULL,
  `create_date` datetime DEFAULT NULL,
  `edit_date` datetime DEFAULT NULL,
  PRIMARY KEY (`variant_id`),
  KEY `prodcut_id_idx` (`product_id`),
  KEY `FK_user_create_idx` (`user_create`),
  KEY `user_edit` (`user_edit`),
  CONSTRAINT `prodcut_id` FOREIGN KEY (`product_id`) REFERENCES `products` (`Product_id`),
  CONSTRAINT `user_create` FOREIGN KEY (`user_create`) REFERENCES `users` (`user_id`),
  CONSTRAINT `user_edit` FOREIGN KEY (`user_edit`) REFERENCES `users` (`user_id`)
) ENGINE=InnoDB AUTO_INCREMENT=146 DEFAULT CHARSET=utf8mb3 COLLATE=utf8mb3_unicode_ci;
/*!40101 SET character_set_client = @saved_cs_client */;

--
-- Dumping data for table `product_variants`
--

LOCK TABLES `product_variants` WRITE;
/*!40000 ALTER TABLE `product_variants` DISABLE KEYS */;
INSERT INTO `product_variants` VALUES (72,'SKU-SIZ36CAN200',4,0,1,10,10000,11111,1,1,4,11,NULL,'2022-11-25 10:57:24'),(73,'SKU-SIZ41CAN200',4,0,16,8,70000,70100,1,1,2,23,NULL,'2022-11-25 19:48:18'),(74,'SKU-SIZ44CAN200',4,9968,6,10,10000,310000,1,1,2,2,NULL,'2022-11-16 20:23:13'),(75,'SKU-SIZ37CAN200',4,1163,7,10,10000,1231230,1,1,2,2,NULL,'2022-11-08 09:11:50'),(76,'SKU-SIZ36CHAVai',4,1089,0,8,10000,112110,1,0,2,2,NULL,'2022-11-05 01:35:07'),(77,'SKU-SIZ36CHACAOCAN200',4,9993,0,10,700,10,1,1,2,12,NULL,'2022-11-14 17:03:41'),(78,'SKU-CHAVAICAN200',4,101,0,10,0,423240,0,1,2,2,NULL,NULL),(79,'SKU-SIZ36CHAVAIBRAVIECAN200',4,71,1,8,0,500000,1,1,2,2,NULL,NULL),(80,'SKU-MAUDO',7,10,0,10,NULL,10000,1,1,2,2,NULL,NULL),(82,'SKU-SIZ36',6,9996,0,10,10000,200000,0,1,2,2,NULL,NULL),(85,'SKU-SIZ36BRAVIE',6,987,0,10,200000,250000,1,1,2,2,NULL,NULL),(86,'SKU-SIZ41BRAVIE',6,986,12,10,200000,250000,1,1,2,2,NULL,NULL),(87,'SKU-SIZ37BRAVIE',6,998,0,10,200000,250000,1,1,2,2,NULL,NULL),(88,'SKU-SIZ41',6,998,0,10,300000,450000,1,1,2,2,NULL,NULL),(89,'SKU-SIZ36',6,998,0,10,10000,400000,1,1,2,2,NULL,NULL),(90,'SKU-SIZ42CAN200BRAVIECHACAO',4,9,0,10,10000,300000,1,1,2,2,NULL,NULL),(91,'SKU-SIZ37CAN200BRAVIECHACAO',4,8,0,10,10000,400000,1,1,2,2,NULL,NULL),(92,'SKU-SIZ36CAN200BRAVIECHACAO',4,4,1,10,10000,500000,1,1,2,2,NULL,NULL),(93,'SKU-SIZ41CAN200BRAVIECHACAO',4,9,0,10,10000,600000,1,1,2,2,NULL,NULL),(94,'SKU-SIZ37',6,9,0,10,10000,10050,0,1,2,11,'2022-11-03 03:19:47','2022-11-25 10:37:10'),(95,'SKU-MAUĐOCHAVAISIZ40',45,95,0,10,50000,1000000,1,1,12,12,'2022-11-04 14:42:41','2022-11-04 16:35:53'),(96,'SKU-SIZ36CAN200',4,12,0,10,10000,10000,1,1,4,4,'2022-11-04 23:08:31','2022-11-04 23:08:31'),(97,'SKU-SIZ36CAN200',4,8,0,10,10000,10000,1,1,4,4,'2022-11-04 23:08:35','2022-11-04 23:08:35'),(98,'SKU-SIZ36CAN200',4,8,0,10,10000,10000,1,1,4,4,'2022-11-04 23:08:36','2022-11-04 23:08:36'),(126,'SKU-MAUVAN',52,9,0,10,10000,10000,1,1,12,12,'2022-11-07 04:28:18','2022-11-07 04:28:18'),(127,'SKU-MAUVAN',52,9999,0,10,10000,100000,1,1,12,12,'2022-11-07 04:28:39','2022-11-14 16:53:47'),(128,'SKU-MAUĐO',52,9,0,10,10000,10000,1,1,12,12,'2022-11-07 04:32:41','2022-11-14 16:53:23'),(129,'SKU-SIZ40',4,10,0,1,1000,900,1,1,12,12,'2022-11-13 19:50:55','2022-11-13 19:50:55'),(130,'SKU-SIZ36MAUVANCHAVAI',62,10,0,10,10000,10000,1,1,11,11,'2022-11-25 09:41:15','2022-11-25 09:41:15'),(131,'SKU-SIZ41MAUVANCHAVAI',62,10,0,10,10000,10000,1,1,11,11,'2022-11-25 09:41:15','2022-11-25 09:41:15'),(132,'SKU-SIZ36MAUGHICHAVAI',62,10,0,10,10000,10000,1,1,11,11,'2022-11-25 09:41:15','2022-11-25 09:41:15'),(133,'SKU-SIZ41MAUGHICHAVAI',62,10,0,10,10000,10000,1,1,11,11,'2022-11-25 09:41:15','2022-11-25 09:41:15'),(134,'SKU-SIZ36CHACAO',62,10,0,10,10000,10000,1,1,11,11,'2022-11-25 09:41:15','2022-11-25 09:41:15'),(135,'SKU-SIZ41CHACAO',62,10,0,10,10000,10000,1,1,11,11,'2022-11-25 09:41:15','2022-11-25 09:41:15'),(136,'SKU-SIZ36CHACAO',62,10,0,10,10000,10000,1,1,11,11,'2022-11-25 09:41:15','2022-11-25 09:41:15'),(137,'SKU-SIZ41CHACAO',62,10,0,10,10000,10000,1,1,11,11,'2022-11-25 09:41:15','2022-11-25 09:41:15'),(138,'SKU-SIZ41',6,10,0,10,10000,10000,1,1,11,11,'2022-11-25 09:58:45','2022-11-25 09:58:45'),(139,'SKU-MAUVANSIZ36',62,1,0,10,1,10000,1,1,11,11,'2022-11-25 10:04:45','2022-11-25 10:04:45'),(140,'SKU-MAUVANSIZ36',62,10,0,10,10000,10000,1,1,11,11,'2022-11-25 10:05:12','2022-11-25 10:05:12'),(141,'SKU-MAUVANSIZ36',62,10,0,1,1000,10000,1,1,11,11,'2022-11-25 10:05:57','2022-11-25 10:26:19'),(142,'SKU-MAUVANSIZ36',62,10,0,10,10000,10000,1,1,11,11,'2022-11-25 10:48:53','2022-11-25 10:48:53'),(143,'SKU-SIZ41CAN200',4,10,0,8,70000,70100,1,1,11,23,'2022-11-25 11:05:49','2022-11-25 19:47:17'),(144,'SKU-SIZ36CAN200',4,10,0,10,10000,10000,1,1,4,4,'2022-11-25 14:51:19','2022-11-25 14:51:19'),(145,'SKU-SIZ41CHAVAICAN200',4,10,0,10,10000,10000,1,1,23,23,'2022-11-25 20:08:49','2022-11-25 20:10:54');
/*!40000 ALTER TABLE `product_variants` ENABLE KEYS */;
UNLOCK TABLES;

--
-- Table structure for table `products`
--

DROP TABLE IF EXISTS `products`;
/*!40101 SET @saved_cs_client     = @@character_set_client */;
/*!50503 SET character_set_client = utf8mb4 */;
CREATE TABLE `products` (
  `Product_id` int NOT NULL AUTO_INCREMENT,
  `Product_name` varchar(100) NOT NULL,
  `Status` int NOT NULL DEFAULT '1',
  PRIMARY KEY (`Product_id`)
) ENGINE=InnoDB AUTO_INCREMENT=65 DEFAULT CHARSET=utf8mb4 COLLATE=utf8mb4_0900_ai_ci;
/*!40101 SET character_set_client = @saved_cs_client */;

--
-- Dumping data for table `products`
--

LOCK TABLES `products` WRITE;
/*!40000 ALTER TABLE `products` DISABLE KEYS */;
INSERT INTO `products` VALUES (4,'GIÀY JODAN',1),(6,'GIÀY NIKE',1),(7,'GIÀY CONVERT',1),(45,'GIÀY PUMA',1),(52,'GIÀY GUCCI',1),(53,'GIÀU NIKE123',1),(61,'GIÀY ADIDAS',1),(62,'GIÀY VANS',1),(63,'GIÀY NEWBALEN',1),(64,'GIÀY VANS CONVERT',1);
/*!40000 ALTER TABLE `products` ENABLE KEYS */;
UNLOCK TABLES;

--
-- Table structure for table `sales`
--

DROP TABLE IF EXISTS `sales`;
/*!40101 SET @saved_cs_client     = @@character_set_client */;
/*!50503 SET character_set_client = utf8mb4 */;
CREATE TABLE `sales` (
  `sale_id` varchar(255) CHARACTER SET utf8mb3 COLLATE utf8mb3_unicode_ci NOT NULL,
  `sale_name` varchar(255) CHARACTER SET utf8mb3 COLLATE utf8mb3_unicode_ci DEFAULT NULL,
  `discount_type` int DEFAULT '0',
  `discount` decimal(10,0) DEFAULT '0',
  `created_date` datetime DEFAULT NULL,
  `start_date` datetime DEFAULT NULL,
  `end_date` datetime DEFAULT NULL,
  `status` int DEFAULT NULL,
  `weekday` int DEFAULT NULL,
  `start_at` time DEFAULT NULL,
  `end_at` time DEFAULT NULL,
  `sale_parent` varchar(255) CHARACTER SET utf8mb3 COLLATE utf8mb3_unicode_ci DEFAULT NULL,
  `sale_type` int DEFAULT NULL,
  `created_user` int DEFAULT NULL,
  `updated_date` datetime DEFAULT NULL,
  `updated_user` int DEFAULT NULL,
  PRIMARY KEY (`sale_id`),
  KEY `FK_saleId_saleParent` (`sale_parent`),
  CONSTRAINT `FK_saleId_saleParent` FOREIGN KEY (`sale_parent`) REFERENCES `sales` (`sale_id`)
) ENGINE=InnoDB DEFAULT CHARSET=utf8mb3 COLLATE=utf8mb3_unicode_ci;
/*!40101 SET character_set_client = @saved_cs_client */;

--
-- Dumping data for table `sales`
--

LOCK TABLES `sales` WRITE;
/*!40000 ALTER TABLE `sales` DISABLE KEYS */;
INSERT INTO `sales` VALUES ('4028b88183d4258d0183d4282ef10000','CHƯƠNG TRÌNH TEST 1',0,100000,'2022-10-14 08:42:27','2022-10-14 09:40:00','2022-11-05 17:00:00',2,0,NULL,NULL,NULL,0,2,NULL,NULL),('4028b88183d461a30183d463b5190000','CHƯƠNG TRÌNH TEST 2',1,10,'2022-10-14 09:47:28','2022-10-14 09:47:00','2022-10-23 20:46:00',2,0,NULL,NULL,NULL,0,2,NULL,NULL),('8a8a808583fbcfc20183ff3f96230000','CHƯƠNG TRÌNH TEST 3',1,10,'2022-10-22 17:31:41','2022-10-22 18:31:00','2022-10-23 17:31:00',2,0,NULL,NULL,NULL,0,2,NULL,NULL),('8a8a808583fbcfc20183ffdd8500000d','TEST4',1,10,'2022-10-22 20:24:11','2022-11-14 23:54:00','2022-11-30 20:24:00',1,0,NULL,NULL,NULL,0,2,'2022-11-13 23:06:32',2),('8a8a80858457cf2f0184581effc60001','CHƯƠNG TRÌNH TEST 8',1,13,'2022-11-08 23:42:17','2022-11-08 23:45:00','2022-11-19 23:41:00',2,0,NULL,NULL,NULL,0,2,'2022-11-17 11:23:02',23),('8a8a80858466d694018466e1d23c0003','GIẢM GIÁ',1,10,'2022-11-11 20:29:46','2022-11-20 00:04:00','2022-12-03 23:29:00',1,0,NULL,NULL,NULL,0,12,'2022-11-22 15:33:24',12),('8a8a80858466d694018466e1d23c0004','',0,NULL,NULL,'2022-11-12 20:27:00','2022-11-24 21:27:00',2,1,'20:27:00','20:27:00','8a8a80858466d694018466e1d23c0003',0,NULL,NULL,NULL),('8a8a80858466d694018466e51f190007','TEST HUYỀN',1,100,'2022-11-11 20:33:23','2022-12-21 20:33:00','2022-12-23 21:32:00',0,0,NULL,NULL,NULL,0,12,'2022-11-26 23:12:51',2),('8a8a808584815ad10184864586860007','TEST',1,10,'2022-11-17 22:46:54','2022-11-17 22:46:00','2022-11-24 22:46:00',2,0,NULL,NULL,NULL,0,11,'2022-11-23 11:30:03',12),('8a8a808584a0a06f0184a2c362a10011','TEST NON',1,10,'2022-11-23 11:33:45',NULL,NULL,2,0,NULL,NULL,NULL,1,12,NULL,NULL),('8a8a808584a0a06f0184a2c362a10012','',0,NULL,NULL,'2022-11-22 11:31:00','2022-12-03 11:35:00',2,4,'11:32:00','01:40:00','8a8a808584a0a06f0184a2c362a10011',1,NULL,NULL,NULL);
/*!40000 ALTER TABLE `sales` ENABLE KEYS */;
UNLOCK TABLES;

--
-- Table structure for table `settings`
--

DROP TABLE IF EXISTS `settings`;
/*!40101 SET @saved_cs_client     = @@character_set_client */;
/*!50503 SET character_set_client = utf8mb4 */;
CREATE TABLE `settings` (
  `setting_id` int NOT NULL AUTO_INCREMENT,
  `user_edit` int DEFAULT NULL,
  `phone_shop` varchar(100) COLLATE utf8mb3_unicode_ci DEFAULT NULL,
  `email` varchar(255) COLLATE utf8mb3_unicode_ci DEFAULT NULL,
  `password` varchar(100) CHARACTER SET utf8mb3 COLLATE utf8mb3_unicode_ci DEFAULT NULL,
  `bank` varchar(255) CHARACTER SET utf8mb3 COLLATE utf8mb3_unicode_ci DEFAULT NULL,
  `division_id` int DEFAULT NULL,
  `division_name` varchar(100) COLLATE utf8mb3_unicode_ci DEFAULT NULL,
  `district_id` int DEFAULT NULL,
  `district_name` varchar(100) COLLATE utf8mb3_unicode_ci DEFAULT NULL,
  `ward_code` varchar(10) COLLATE utf8mb3_unicode_ci DEFAULT NULL,
  `ward_name` varchar(100) COLLATE utf8mb3_unicode_ci DEFAULT NULL,
  `address_detail` varchar(100) COLLATE utf8mb3_unicode_ci DEFAULT NULL,
  `update_day` datetime DEFAULT NULL,
  PRIMARY KEY (`setting_id`)
) ENGINE=InnoDB AUTO_INCREMENT=2 DEFAULT CHARSET=utf8mb3 COLLATE=utf8mb3_unicode_ci;
/*!40101 SET character_set_client = @saved_cs_client */;

--
-- Dumping data for table `settings`
--

LOCK TABLES `settings` WRITE;
/*!40000 ALTER TABLE `settings` DISABLE KEYS */;
INSERT INTO `settings` VALUES (1,4,'0395.96.2002','horsesoftware002@gmail.com','pzssisrjqvnslsxn','{\"accountNumber\":\"83838383456789\",\"bankName\":\"MBBank\",\"accountHolder\":\"BÙI QUANG HIẾU\"}',201,'Hà Nội',1582,'Huyện Đông Anh','1A1307','Xã Hải Bối','Yên Hà','2022-11-22 00:52:46');
/*!40000 ALTER TABLE `settings` ENABLE KEYS */;
UNLOCK TABLES;

--
-- Table structure for table `users`
--

DROP TABLE IF EXISTS `users`;
/*!40101 SET @saved_cs_client     = @@character_set_client */;
/*!50503 SET character_set_client = utf8mb4 */;
CREATE TABLE `users` (
  `user_id` int NOT NULL AUTO_INCREMENT,
  `full_name` varchar(100) CHARACTER SET utf8mb3 COLLATE utf8mb3_unicode_ci NOT NULL,
  `email` varchar(255) COLLATE utf8mb3_unicode_ci NOT NULL,
  `password` varchar(100) CHARACTER SET utf8mb3 COLLATE utf8mb3_general_ci NOT NULL,
  `phone` varchar(20) CHARACTER SET utf8mb3 COLLATE utf8mb3_general_ci NOT NULL,
  `sex` int NOT NULL DEFAULT '0',
  `role` int NOT NULL DEFAULT '1',
  `avatar` varchar(200) CHARACTER SET utf8mb3 COLLATE utf8mb3_general_ci DEFAULT NULL,
  `status` int DEFAULT '1',
  `otp` int DEFAULT NULL,
  `created_date` datetime DEFAULT NULL,
  `division_id` int DEFAULT '0',
  `division_name` varchar(100) CHARACTER SET utf8mb3 COLLATE utf8mb3_unicode_ci DEFAULT NULL,
  `district_id` int DEFAULT '0',
  `district_name` varchar(100) CHARACTER SET utf8mb3 COLLATE utf8mb3_unicode_ci DEFAULT NULL,
  `ward_name` varchar(100) CHARACTER SET utf8mb3 COLLATE utf8mb3_unicode_ci DEFAULT NULL,
  `ward_code` varchar(45) CHARACTER SET utf8mb3 COLLATE utf8mb3_unicode_ci DEFAULT NULL,
  `address_detail` varchar(255) CHARACTER SET utf8mb3 COLLATE utf8mb3_unicode_ci DEFAULT NULL,
  PRIMARY KEY (`user_id`),
  UNIQUE KEY `users_Email_IX` (`email`),
  UNIQUE KEY `users_Phone_IX` (`phone`)
) ENGINE=InnoDB AUTO_INCREMENT=81 DEFAULT CHARSET=utf8mb3 COLLATE=utf8mb3_unicode_ci;
/*!40101 SET character_set_client = @saved_cs_client */;

--
-- Dumping data for table `users`
--

LOCK TABLES `users` WRITE;
/*!40000 ALTER TABLE `users` DISABLE KEYS */;
INSERT INTO `users` VALUES (2,'Bùi Quang Hiếu','hieubqph13812@fpt.edu.vn','$2a$10$Uw5JgsiKzzTfE1RmcJ5oQeovBId2D4GgDex1SPQdD5ay3tWYV6Y.u','0395962003',1,3,'1',1,0,NULL,201,'Hà Nội',1582,'Huyện Đông Anh','Xã Đại Mạch','1A1304','123'),(3,'Ma Thế Đạt','datmtph13621@fpt.edu.vn','$2a$10$vhDEmqkz3de86y3dT9l2A.rY6q6OYzAMAFOpcwMy4z67KcaL8fbq.','0962652481',1,3,'1',1,0,NULL,0,NULL,0,NULL,NULL,NULL,NULL),(4,'Chu Quang Huy','huycqph17456@fpt.edu.vn','$2a$10$x/Cd3uSWibEZvDEE/JGig.ImJGXprMnxoRPR1D.uHi/ABIq3T.OmO','0316516511',1,3,'1',1,0,NULL,201,'Hà Nội',1808,'Huyện Thạch Thất','Xã Phùng Xá','1B1917','12'),(6,'Người yêu Chung','vy@gmail.com','$2a$10$38cas6HMHZu2jvNvClgFMOwqIVYlG7Gp8EFouWKSCh4iFlVPSt6rO','0985996232',0,2,'1',1,0,NULL,0,NULL,0,NULL,NULL,NULL,NULL),(7,'huy','huypxtt@gmail.com','$2a$10$8j2tmK6sZXmndAq1x2/rj.6OveCJsNNzBHwUMvbzcJLv7IXruYDya','0123456789',1,2,'1',1,0,NULL,0,NULL,0,NULL,NULL,NULL,NULL),(8,'huyen','huyen@gmail.com','$2a$10$O/Coa1vd8p6SSA884M0DTOpOunrn5hxeHhZILAETDJUdhtzSE9D8.','01253654835',0,1,'1',1,694252,NULL,0,NULL,0,NULL,NULL,NULL,NULL),(9,'phương','phuong@gmail.com','$2a$10$MDmAaKxKeZNKV.DbZaapEeY4Q0uUD63Anoyluhz8coz7vp05pb4Xe','0235468615',0,1,'1',1,445715,NULL,0,NULL,0,NULL,NULL,NULL,NULL),(10,'abc','abc@gmail.com','$2a$12$lqJcJRWt9MbDtLWRzlN7hejR7Av7R6OH7r7VYvaFJ0J5w2YUA.ase','0123545862',0,1,'1',1,0,NULL,0,NULL,0,NULL,NULL,NULL,NULL),(11,'Nguyễn Thị Hoa','hoantph16552@fpt.edu.vn','$2a$10$hgu7Mgmp9/MTX9eWf5z12OqdZUwq6u9Xlk4GvVwKcerUR6GirMmmG','0826763234',0,3,NULL,1,0,NULL,267,'Hòa Bình',2163,'Huyện Mai Châu','Xã Nà Phòn','230311','Nà Phòn'),(12,'Vũ Thị Huyền','huyenvtph17141@fpt.edu.vn','$2a$12$lqJcJRWt9MbDtLWRzlN7hejR7Av7R6OH7r7VYvaFJ0J5w2YUA.ase','0395762314',0,3,NULL,1,0,NULL,267,'Hòa Bình',2270,'Huyện Yên Thủy','Xã Yên Trị','231013','abc'),(22,'tue','hoangtue881998@gmail.com','$2a$10$6Vb3uBcQh69wJooT0RKqzOKh5e1nbWaO/hJ.Os99VcIAmXip.nBwy','0368689239',1,1,NULL,1,0,NULL,0,NULL,0,NULL,NULL,NULL,NULL),(23,'Hoàng Tuệ','hoangtue08081998@gmail.com','$2a$10$.0cFpFuyvqX35DUu.Tcc6OyoZcSF1qq9NyXBqHr73bbynx5d6AdKe','0368689238',1,3,NULL,1,0,NULL,0,NULL,0,NULL,NULL,NULL,NULL),(24,'Nguyễn Hoa','hoanguyen02122002@gmail.com','$2a$10$2gxtFS0vA93eW.qIAhkVhezVAoKCtcmp4.809PUl1f0IZfDhoHnp6','0912345678',0,1,NULL,1,0,NULL,0,NULL,0,NULL,NULL,NULL,NULL),(25,'acc','abcc@gmail.com','$2a$10$g1EDTo8n91sG6JHkI5IJOOCOHIAg03684SjPSpJyI6965TWG6sJ0e','0123545892',1,1,'1',2,656117,'2022-11-10 14:30:34',0,NULL,0,NULL,NULL,NULL,NULL),(62,'Nguyễn Thái Chung','nguyenthaichung0809@gmail.com','$2a$10$C0Io78HkwXdvkxQpGDraD.jDVXJAG3lex5r9hesVytYLdtJaHcQ/u','1234567890',0,1,NULL,2,363590,'2022-11-23 00:36:54',0,NULL,0,NULL,NULL,NULL,NULL),(63,'vy','vy123@gmail.com','$2a$10$iJbOKJlxJXaM/FiDzWEabutYTOJww.KfRw65zT9/T5AIy1IPDc0Xa','....1......',0,2,'1',1,0,NULL,0,NULL,0,NULL,NULL,NULL,NULL),(73,'Nguyễn Thái Chung','nthaichung0809@gmail.com','$2a$10$/PfKKdSN8efvLfUqeXfQrOtwWKs9oC1PJAMNZ.PmYJ6iO1z7b1sby','1234567998',0,1,NULL,2,655708,'2022-11-23 00:04:23',0,NULL,0,NULL,NULL,NULL,NULL),(74,'Nguyễn Hồng Anh','anhnhph12345@fpt.edu.vn','$2a$10$wTawu.peKs292/P11l0SSepMh0mJJ2edHHuH3YaKBhu1QdmJ.GGVm','0981234567',0,1,NULL,1,0,NULL,0,NULL,0,NULL,NULL,NULL,NULL);
/*!40000 ALTER TABLE `users` ENABLE KEYS */;
UNLOCK TABLES;

--
-- Table structure for table `variant_values`
--

DROP TABLE IF EXISTS `variant_values`;
/*!40101 SET @saved_cs_client     = @@character_set_client */;
/*!50503 SET character_set_client = utf8mb4 */;
CREATE TABLE `variant_values` (
  `Variant_id` bigint NOT NULL,
  `Product_id` int NOT NULL,
  `Option_id` int NOT NULL,
  `Value_id` int NOT NULL,
  `Status` int NOT NULL DEFAULT '1',
  PRIMARY KEY (`Variant_id`,`Product_id`,`Option_id`),
  KEY `option_value_value_id_idx` (`Value_id`),
  CONSTRAINT `FK1` FOREIGN KEY (`Variant_id`) REFERENCES `product_variants` (`variant_id`),
  CONSTRAINT `option_value_value_id` FOREIGN KEY (`Value_id`) REFERENCES `option_values` (`Value_id`)
) ENGINE=InnoDB DEFAULT CHARSET=utf8mb4 COLLATE=utf8mb4_0900_ai_ci;
/*!40101 SET character_set_client = @saved_cs_client */;

--
-- Dumping data for table `variant_values`
--

LOCK TABLES `variant_values` WRITE;
/*!40000 ALTER TABLE `variant_values` DISABLE KEYS */;
INSERT INTO `variant_values` VALUES (72,4,7,14,1),(72,4,21,48,1),(73,4,7,15,1),(73,4,21,48,1),(74,4,7,40,1),(74,4,21,48,1),(75,4,7,42,1),(75,4,21,48,1),(76,4,7,14,1),(76,4,9,21,1),(76,4,21,48,1),(77,4,7,14,1),(77,4,9,38,1),(77,4,21,48,1),(78,4,9,21,1),(78,4,21,48,1),(79,4,7,14,1),(79,4,9,21,1),(79,4,15,47,1),(79,4,21,48,1),(80,7,6,11,1),(82,6,7,14,1),(85,6,7,14,1),(85,6,15,47,1),(86,6,7,15,1),(86,6,15,47,1),(87,6,7,42,1),(87,6,15,47,1),(88,6,7,15,1),(89,6,7,14,1),(90,4,7,52,1),(90,4,9,38,1),(90,4,15,47,1),(90,4,21,48,1),(91,4,7,42,1),(91,4,9,38,1),(91,4,15,47,1),(91,4,21,48,1),(92,4,7,14,1),(92,4,9,38,1),(92,4,15,47,1),(92,4,21,48,1),(93,4,7,15,1),(93,4,9,38,1),(93,4,15,47,1),(93,4,21,48,1),(94,6,7,42,1),(95,45,6,11,1),(95,45,9,21,1),(95,45,12,25,1),(96,4,7,14,1),(96,4,21,48,1),(97,4,7,14,1),(97,4,21,48,1),(98,4,7,14,1),(98,4,21,48,1),(126,52,6,67,1),(127,52,6,67,1),(128,52,6,11,1),(129,4,12,25,1),(130,62,6,67,1),(130,62,7,14,1),(130,62,9,21,1),(131,62,6,67,1),(131,62,7,15,1),(131,62,9,21,1),(132,62,6,282,1),(132,62,7,14,1),(132,62,9,21,1),(133,62,6,282,1),(133,62,7,15,1),(133,62,9,21,1),(134,62,7,14,1),(134,62,9,38,1),(135,62,7,15,1),(135,62,9,38,1),(136,62,7,14,1),(136,62,9,38,1),(137,62,7,15,1),(137,62,9,38,1),(138,6,7,15,1),(139,62,6,67,1),(139,62,7,14,1),(140,62,6,67,1),(140,62,7,14,1),(141,62,6,67,1),(141,62,7,14,1),(142,62,6,67,1),(142,62,7,14,1),(143,4,7,15,1),(143,4,21,48,1),(144,4,7,14,1),(144,4,21,48,1),(145,4,7,15,1),(145,4,9,21,1),(145,4,21,48,1);
/*!40000 ALTER TABLE `variant_values` ENABLE KEYS */;
UNLOCK TABLES;
/*!40103 SET TIME_ZONE=@OLD_TIME_ZONE */;

/*!40101 SET SQL_MODE=@OLD_SQL_MODE */;
/*!40014 SET FOREIGN_KEY_CHECKS=@OLD_FOREIGN_KEY_CHECKS */;
/*!40014 SET UNIQUE_CHECKS=@OLD_UNIQUE_CHECKS */;
/*!40101 SET CHARACTER_SET_CLIENT=@OLD_CHARACTER_SET_CLIENT */;
/*!40101 SET CHARACTER_SET_RESULTS=@OLD_CHARACTER_SET_RESULTS */;
/*!40101 SET COLLATION_CONNECTION=@OLD_COLLATION_CONNECTION */;
/*!40111 SET SQL_NOTES=@OLD_SQL_NOTES */;

-- Dump completed on 2022-11-27 21:35:10
